TF,Target,Weight
MEIS2,HOXA4,0.7058710854680851
MEIS2,RBMS3,0.7026058021407313
SPI1,CD300LF,0.7426150707255744
SPI1,CD37,0.788358535095693
SPI1,CD68,0.7521672988141996
SPI1,CD72,0.7116976615418898
SPI1,CD80,0.7093987480037601
SPI1,CD84,0.8195564740823867
SPI1,CORO1A,0.7017067992025756
SPI1,CXORF9,0.7558064917695452
SPI1,DOK3,0.7615604881637144
SPI1,GPR84,0.7172953295590659
SPI1,HCK,0.7210414589109557
SPI1,HK3,0.7114743349051295
SPI1,IFI30,0.7135454304775192
SPI1,ITGAX,0.8164358491440559
SPI1,ITGB2,0.7994312344527097
SPI1,LAPTM5,0.8195119482632864
SPI1,LILRB1,0.8401550807507269
SPI1,MARCH1,0.703195386609653
SPI1,PARVG,0.8101094187647773
SPI1,SIGLEC7,0.831330164212852
SPI1,SIGLEC9,0.816405884893044
SPI1,SLC7A7,0.7559605913466041
SPI1,TFEC,0.7846810694082066
SPI1,URP2,0.8016737266251331
SPI1,WIPF1,0.7480367546888536
E2F7,ANLN,0.7622137449132906
E2F7,ARHGAP11A,0.7053747961995979
E2F7,ASF1B,0.7574143366485442
E2F7,ASPM,0.7786445637796456
E2F7,AURKA,0.7419661483593832
E2F7,BIRC5,0.7562127027372774
E2F7,BLM,0.752595715532491
E2F7,BUB1,0.7976421984729843
E2F7,BUB1B,0.7682308577196346
E2F7,C12ORF48,0.7164733083603276
E2F7,C13ORF3,0.7884422319276446
E2F7,C15ORF42,0.749814171624868
E2F7,C16ORF59,0.7330907697347727
E2F7,C18ORF24,0.7085793664380114
E2F7,CASC5,0.7319406436572218
E2F7,CCNA2,0.7060650977799533
E2F7,CCNB1,0.7431841155689554
E2F7,CCNB2,0.7891896380886485
E2F7,CCNE2,0.7239544150609074
E2F7,CDC2,0.7784079000886114
E2F7,CDC20,0.7242437105462642
E2F7,CDC25C,0.7943897881556362
E2F7,CDC45L,0.7216358770018693
E2F7,CDCA3,0.7529376478583666
E2F7,CDCA5,0.7781552825434169
E2F7,CDCA8,0.7788971223541202
E2F7,CDKN3,0.7664601777892773
E2F7,CDT1,0.7479293450128259
E2F7,CENPA,0.7605243951210338
E2F7,CENPE,0.7504764773407819
E2F7,CENPF,0.7644389862358952
E2F7,CENPI,0.7131763352916961
E2F7,CENPK,0.7300305473415469
E2F7,CENPO,0.715513437376733
E2F7,CEP55,0.7912490541320814
E2F7,CHEK1,0.7041919614400495
E2F7,CIT,0.7784277531584952
E2F7,CKS2,0.754087794165838
E2F7,CLSPN,0.707030101791056
E2F7,DEPDC1,0.7102915433314353
E2F7,DEPDC1B,0.800687658644874
E2F7,DIAPH3,0.7239507865692447
E2F7,DKFZP762E1312,0.8021164937934971
E2F7,DLG7,0.8003423651336593
E2F7,DTL,0.7461773239327961
E2F7,E2F8,0.7196704454810913
E2F7,ERCC6L,0.7392638665089727
E2F7,ESPL1,0.7107656867609692
E2F7,EXO1,0.7393641642464465
E2F7,EZH2,0.7209369387799288
E2F7,FAM54A,0.7312921345610521
E2F7,FAM64A,0.7641955334788288
E2F7,FAM83D,0.7399414452659504
E2F7,FANCI,0.7979027496449939
E2F7,FOXM1,0.7714750535769042
E2F7,GTSE1,0.7439190199311226
E2F7,HMMR,0.750707232349931
E2F7,KIAA0101,0.7129879851710532
E2F7,KIF11,0.7882042716189713
E2F7,KIF14,0.7574848190538235
E2F7,KIF15,0.7799751542752964
E2F7,KIF18A,0.7303582764321519
E2F7,KIF20A,0.7755898091589541
E2F7,KIF23,0.7733270087976182
E2F7,KIF2C,0.7868832091793394
E2F7,KIF4A,0.7691531188266181
E2F7,KIF4B,0.734755799279587
E2F7,KIFC1,0.7516883199299744
E2F7,KNTC1,0.7068151024880096
E2F7,MCM10,0.7115779389977085
E2F7,MCM2,0.7340115724172231
E2F7,MELK,0.7857638103450507
E2F7,MKI67,0.7670723897670033
E2F7,NCAPG2,0.7068576516871409
E2F7,NCAPH,0.7584047377646402
E2F7,NDC80,0.7792022524189691
E2F7,NEIL3,0.755890931031056
E2F7,NEK2,0.7646514915962865
E2F7,NUF2,0.7577068288919236
E2F7,NUSAP1,0.7862753192889832
E2F7,OIP5,0.7735040943564734
E2F7,PBK,0.7170659312417919
E2F7,PLK1,0.7269461941504936
E2F7,PLK4,0.7551256344351944
E2F7,POLG,0.7018033670321545
E2F7,POLQ,0.7671879781827444
E2F7,PRC1,0.7745416945208693
E2F7,PTTG1,0.79474610498602
E2F7,PTTG2,0.7781384907827198
E2F7,PTTG3,0.7871729761388547
E2F7,RACGAP1,0.7759682955689472
E2F7,RAD51,0.7514807275280654
E2F7,RAD54L,0.7764328642174291
E2F7,RNASEH2A,0.7132584857242417
E2F7,RRM2,0.7016661503918182
E2F7,SGOL1,0.7180702178288051
E2F7,SPAG5,0.729894565729259
E2F7,SPC25,0.8016906823731658
E2F7,STIL,0.7660344219187022
E2F7,TACC3,0.7080650079472761
E2F7,TIMELESS,0.7261165248046075
E2F7,TOP2A,0.7177653647368859
E2F7,TPX2,0.7986180134973956
E2F7,TROAP,0.7316444888224714
E2F7,TTK,0.7582572919036514
E2F7,TYMS,0.7244471090223007
E2F7,UBE2C,0.7846669254339084
E2F7,UBE2T,0.7694273032133022
E2F7,UHRF1,0.7413981455823656
E2F7,WDHD1,0.7135256130793112
E2F7,WDR51A,0.7016700320070404
E2F7,ZWINT,0.7608113610566597
SNAI2,CALD1,0.7173118226254149
SNAI2,CNN1,0.7411194466338729
SNAI2,FSTL1,0.7122454820872475
SNAI2,GAS1,0.7654892146341351
SNAI2,GLT8D2,0.7812964702513596
SNAI2,GPR124,0.713638433318227
SNAI2,JAM3,0.7254533796188193
SNAI2,LAMB1,0.7108132621457066
SNAI2,LIMS2,0.7094699014215015
SNAI2,MSRB3,0.7688926269328016
SNAI2,MYLK,0.7294862185298744
SNAI2,NDN,0.7264014130250602
SNAI2,PDGFRA,0.7442214778449705
SNAI2,PTRF,0.7255687118581866
SNAI2,RBMS3,0.7039886709893729
SNAI2,RECK,0.7160380032082362
SNAI2,RHOJ,0.7080350077176387
SNAI2,RUNX1T1,0.7227804377408765
SNAI2,SRPX,0.7068450360083389
SNAI2,TAGLN,0.726333617128913
SNAI2,TPM2,0.7351871873747762
SNAI2,TSHZ3,0.714425618126972
ZNF669,AHCTF1,0.7070900058269225
EBF3,ABCA6,0.8179050118509138
EBF3,ABCA8,0.8108740696989258
EBF3,ABCA9,0.7794631126205964
EBF3,ABI3BP,0.7046031622800356
EBF3,ADCY4,0.7640959810873809
EBF3,ADH1B,0.7707369992937452
EBF3,ADH1C,0.7061656829603199
EBF3,ADIPOQ,0.7252551274999142
EBF3,ANGPTL1,0.7365813032895872
EBF3,ANKRD47,0.7343131688353834
EBF3,AOC3,0.8095998667456684
EBF3,AQP1,0.7158299951480261
EBF3,AQP7P2,0.7183117225259292
EBF3,ARHGAP20,0.7157490819324542
EBF3,ASPA,0.7761021465040713
EBF3,BMX,0.753861611855344
EBF3,BTNL9,0.7027126564987777
EBF3,C2ORF32,0.782671606202166
EBF3,C6ORF189,0.7666142304716185
EBF3,C7,0.7289243156282741
EBF3,CAV1,0.7449626891643207
EBF3,CCL15,0.7579298955507419
EBF3,CD34,0.7632522170992234
EBF3,CD36,0.7117439167633738
EBF3,CLDN5,0.7176396233457818
EBF3,CLEC3B,0.7552169244597517
EBF3,CLIC5,0.7010982610916866
EBF3,CRHBP,0.7190243391250013
EBF3,DARC,0.7527686357150464
EBF3,DNASE1L3,0.7107326532030286
EBF3,EBF1,0.795888198369341
EBF3,ECM2,0.7511747100596722
EBF3,EDG1,0.8128172154277518
EBF3,EMCN,0.795942685365049
EBF3,ERG,0.7690149940428673
EBF3,FABP4,0.7364901473644064
EBF3,FHL1,0.7848547637974778
EBF3,FLI1,0.7082845828586237
EBF3,FLRT2,0.7204844801180912
EBF3,FXYD1,0.7447889888792736
EBF3,GDF10,0.7337953704121898
EBF3,GNG11,0.7979717748031161
EBF3,GPD1,0.706834422674308
EBF3,GPR146,0.7175941040426922
EBF3,GRASP,0.7541976214472615
EBF3,GRRP1,0.726585283632176
EBF3,IGF1,0.780362797405222
EBF3,IL33,0.7310814291383325
EBF3,IPO11,0.7461417261573734
EBF3,ITIH5,0.778510483554305
EBF3,ITM2A,0.731000565621825
EBF3,JAM2,0.7965416816866344
EBF3,LAMA2,0.7192394341738988
EBF3,LCN6,0.7020799730563553
EBF3,LDB2,0.8051253621398664
EBF3,LHFP,0.8069399728156473
EBF3,LOC221091,0.72961836876342
EBF3,LOC338328,0.7173109137705123
EBF3,LYVE1,0.7083600149241991
EBF3,MAP1LC3C,0.7248564034936097
EBF3,MEOX1,0.7268260319208599
EBF3,MEOX2,0.8059821606340791
EBF3,MFAP4,0.7312171744860252
EBF3,MMRN2,0.7230425263082392
EBF3,MRAP,0.7143861621132981
EBF3,MYCT1,0.7955900883295851
EBF3,NPR1,0.7047010600364654
EBF3,PCSK5,0.7136339729311424
EBF3,PDE1A,0.7205571037158073
EBF3,PDE2A,0.7708524258362895
EBF3,PI16,0.7068783589252379
EBF3,PLAC9,0.747883698568238
EBF3,PLIN,0.7110517153123399
EBF3,PPAP2A,0.7388563506846891
EBF3,PTPRB,0.771294187255417
EBF3,RBMS3,0.7632737779118812
EBF3,RHOJ,0.7482379745235352
EBF3,RUNX1T1,0.7386691790133725
EBF3,SCARA5,0.7296174636008494
EBF3,SDPR,0.7551600977401803
EBF3,SELP,0.7076565978400414
EBF3,SHE,0.7658299973466522
EBF3,SLIT2,0.7276226915932505
EBF3,SPARCL1,0.7054276629740179
EBF3,SVEP1,0.7532881173401994
EBF3,TBX15,0.7664715938174016
EBF3,TEK,0.8077684792330357
EBF3,TGFBR2,0.7428208927519199
EBF3,THSD1,0.7183343255378878
EBF3,TNMD,0.7104848431570764
EBF3,TNNT3,0.7469012610912255
EBF3,TPO,0.7436338048637624
EBF3,TSHZ2,0.7008947703518904
EBF3,TSPAN7,0.7519559136317484
EBF3,USHBP1,0.7147421046769138
TBX18,C2ORF32,0.7229729405109347
TBX18,DDR2,0.7454158612971051
TBX18,FSTL1,0.7226280050536656
TBX18,GPR124,0.7139915545232508
TBX18,MSRB3,0.7062710928896981
TBX18,SRPX,0.7074358286672424
PAX4,C10ORF62,0.7346603943071526
PAX4,C17ORF54,0.8138371960162617
PAX4,CDH16,0.7425176547882787
PAX4,CPA5,0.7301847268519189
PAX4,CROCCL2,0.7161866424023674
PAX4,GPR139,0.7585913641473366
PAX4,GPR152,0.8332403874292527
PAX4,KCNV2,0.787904525148889
PAX4,MASP2,0.7248054338248684
PAX4,TCF23,0.8710469474066952
PAX4,TRIM74,0.7063782653164634
PAX4,TSNARE1,0.7773853488695178
SCRT2,ARRDC5,0.7783398782093198
SCRT2,ARTN,0.7229490355988861
SCRT2,AVP,0.8829246155786531
SCRT2,C9ORF62,0.9410472751508951
SCRT2,CASKIN1,0.8890196978532371
SCRT2,CDH24,0.8912185158396906
SCRT2,DLGAP3,0.8651032463327254
SCRT2,FBXL17,0.9081912437162386
SCRT2,FBXL8,0.8889584211702272
SCRT2,GPR156,0.9052374051687962
SCRT2,GPR78,0.79418015245149
SCRT2,GRIN2D,0.8956066774320077
SCRT2,LCE5A,0.8767175164341701
SCRT2,LOC201175,0.9206007151977628
SCRT2,LOC389199,0.8736645632932656
SCRT2,LRFN1,0.8162084373400669
SCRT2,MAFA,0.9205706245300687
SCRT2,NEUROG3,0.8989914041755569
SCRT2,NLF1,0.8162291394538994
SCRT2,P2RY4,0.7965173038020921
SCRT2,PARP10,0.8277710054457885
SCRT2,POU3F3,0.8818519136819741
SCRT2,PRR7,0.7505513245584502
SCRT2,SOX3,0.8723530893577579
SCRT2,ZNF467,0.8182007659717895
SCRT2,ZNF579,0.8682566546222906
SCRT2,ZNF784,0.871837384003561
SCRT2,ZNF787,0.8147165551901281
IRF9,IFI6,0.767225498526209
IRF9,IFIT3,0.7005232160330344
IRF9,ISG15,0.7260756101549246
IRF9,OAS1,0.721307872595065
IRF9,OAS3,0.7115718763641852
IRF9,PSME2,0.7170115809344415
ZNF462,ROPN1,0.7003105282461118
TRERF1,HCRP1,0.7646635873687319
ZBED2,ADAMDEC1,0.7027371462545324
ZBED2,AIM2,0.8081831010403893
ZBED2,BIC,0.723804852460698
ZBED2,CCR5,0.716188485300532
ZBED2,CCR7,0.701317907829572
ZBED2,CD274,0.7375620543550443
ZBED2,CD72,0.7246530593166206
ZBED2,CST7,0.746397935533316
ZBED2,CTLA4,0.7804156528469501
ZBED2,CXCL11,0.7917462861394069
ZBED2,CXCL9,0.7513260787458131
ZBED2,CXCR3,0.7806882275976653
ZBED2,CXORF9,0.7198497660223016
ZBED2,EOMES,0.7653994393393083
ZBED2,EPSTI1,0.7154847603802817
ZBED2,GBP5,0.8252510249004131
ZBED2,GPR132,0.700505546719404
ZBED2,ICOS,0.8664423893500552
ZBED2,IFNG,0.8161205578523446
ZBED2,IL21R,0.7910267920476611
ZBED2,IL2RA,0.7749169101345915
ZBED2,INDO,0.819006297542916
ZBED2,LAG3,0.7960231075098254
ZBED2,LAIR2,0.7054041665926011
ZBED2,LAMP3,0.7368989320514913
ZBED2,LTB,0.7374180840668143
ZBED2,PDCD1,0.8379121906165898
ZBED2,PTPN7,0.7688326743662659
ZBED2,STAT1,0.7201762455494436
ZBED2,TAP1,0.702958601183653
ZBED2,TNFRSF9,0.7892298895571044
ZBED2,TNFSF13B,0.7337458424879729
ZBED2,VSTM3,0.8418144075799139
ZBED2,WIPF1,0.7353659033724711
ZBED2,ZBTB32,0.807057936060812
HOXA2,HOXA3,0.8044789044179341
HOXA2,HOXA4,0.7901046054974339
HOXA2,HOXA5,0.8206321980326583
HOXA2,HOXA7,0.7677158992497044
FOSB,AXUD1,0.772199128865575
FOSB,CYR61,0.7370033311979685
FOSB,DUSP1,0.823367712359394
FOSB,EGR1,0.8501969435240048
FOSB,EGR2,0.7019233312145537
FOSB,FOS,0.8722061570988578
FOSB,JUNB,0.7187284797380701
FOSB,NR4A1,0.7864103045122258
FOSB,SDPR,0.7000037661742428
FOSB,ZFP36,0.8732114233033961
TSHZ3,ANGPTL2,0.7519742170753223
TSHZ3,C2ORF32,0.7470899578101279
TSHZ3,CCDC80,0.7149785534314624
TSHZ3,CFH,0.7030890835015914
TSHZ3,CFHR3,0.7188980257377668
TSHZ3,COPZ2,0.7044303148390005
TSHZ3,CXCL12,0.7125063008160741
TSHZ3,DCN,0.8132863924597235
TSHZ3,ECM2,0.7553129824195107
TSHZ3,FIBIN,0.7201771071711215
TSHZ3,FSTL1,0.7075897862838485
TSHZ3,GLT8D2,0.8234532391394915
TSHZ3,JAM3,0.7777615447930063
TSHZ3,LAMA2,0.701096615395401
TSHZ3,MSRB3,0.7467043899250101
TSHZ3,NAP1L3,0.7324491725380433
TSHZ3,NDN,0.7592370793109209
TSHZ3,PCSK5,0.7135264834950406
TSHZ3,PDGFRL,0.7098097849725683
TSHZ3,PPAPDC3,0.7138903039886448
TSHZ3,RUNX1T1,0.7361916419115883
TSHZ3,SERPINF1,0.7241085205721055
TSHZ3,SNAI2,0.7144256181269719
TSHZ3,SPON1,0.7667962025534588
TSHZ3,TBX15,0.7064491354379582
TSHZ3,ZFPM2,0.7261086151436561
AHCTF1,B3GALNT2,0.7288985060037507
AHCTF1,ZNF669,0.7070900058269225
ATF3,CYR61,0.7167558817615449
ATF3,ZFP36,0.7352011763001386
MEOX2,ABCA6,0.7919089908243058
MEOX2,ABCA8,0.8543990106284493
MEOX2,ABCA9,0.7845406522388794
MEOX2,ABI3BP,0.759868682780608
MEOX2,ACVR1C,0.7053451787203833
MEOX2,ADH1B,0.7505585709249016
MEOX2,ADIPOQ,0.7088839078877771
MEOX2,ALDH1L1,0.7103410396764351
MEOX2,ANGPTL1,0.762695914869635
MEOX2,ANK2,0.7021040776382631
MEOX2,AOC3,0.7896034534711833
MEOX2,AQP7,0.7297691964309012
MEOX2,AQP7P2,0.7553165673466589
MEOX2,ASPA,0.7744329102913997
MEOX2,AVPR2,0.7125876824340488
MEOX2,BMX,0.8068775523146506
MEOX2,BTNL9,0.7347059592900075
MEOX2,C1QTNF9,0.7308887356466
MEOX2,C2ORF32,0.7595755702386765
MEOX2,C6ORF189,0.7175274794689528
MEOX2,C7,0.7505615321141683
MEOX2,CA4,0.7166418521710815
MEOX2,CAV1,0.7712694929880988
MEOX2,CCL15,0.7484230411072428
MEOX2,CD36,0.7101803817411124
MEOX2,CRHBP,0.7620780880115752
MEOX2,DARC,0.7564572707994048
MEOX2,DNASE1L3,0.7625648522370266
MEOX2,EBF1,0.7557323234372105
MEOX2,EBF3,0.8059821606340792
MEOX2,EDG1,0.7961330835855952
MEOX2,ENPP2,0.7571940262022612
MEOX2,ERG,0.7554672388310149
MEOX2,F10,0.7004907041657088
MEOX2,FGF7,0.7104088478090024
MEOX2,FHL1,0.8003373278093405
MEOX2,FIGF,0.7291360019004265
MEOX2,FLI1,0.7244024563587178
MEOX2,FLJ22655,0.7186103747340388
MEOX2,FLRT2,0.7166480610790189
MEOX2,FREM1,0.7701673301391259
MEOX2,FXYD1,0.808168033207703
MEOX2,G0S2,0.7069254127816565
MEOX2,GDF10,0.7981443744336622
MEOX2,GIPC2,0.735481796892396
MEOX2,GLYAT,0.7352073108303732
MEOX2,GNG11,0.7608687975445427
MEOX2,GPD1,0.7243558229949846
MEOX2,GPR146,0.7372980143574164
MEOX2,GRASP,0.7169922778443635
MEOX2,GRRP1,0.7065423555157901
MEOX2,GSN,0.7087911268079158
MEOX2,IGF1,0.7526624346870212
MEOX2,IGSF10,0.7029489625305371
MEOX2,IL33,0.7740317637212449
MEOX2,IPO11,0.7561436153994163
MEOX2,ITIH5,0.8008993388185478
MEOX2,ITM2A,0.7716192284023022
MEOX2,JAM2,0.7680806608131318
MEOX2,LCN6,0.710541646178883
MEOX2,LDB2,0.7801693906894108
MEOX2,LEPR,0.7433929899666073
MEOX2,LHFP,0.7528140161658545
MEOX2,LOC221091,0.7175189996706692
MEOX2,LOC387911,0.7116608278973381
MEOX2,LPL,0.7157302352776864
MEOX2,LRRC2,0.71280250386767
MEOX2,LYVE1,0.7220193296075159
MEOX2,MAP1LC3C,0.7765041784703605
MEOX2,MEOX1,0.7870883885808059
MEOX2,MFAP4,0.7430770032090216
MEOX2,MMRN1,0.7148097219604512
MEOX2,MRAP,0.7214121718297987
MEOX2,MYCT1,0.7110845668368088
MEOX2,MYOC,0.7297744624429792
MEOX2,NPR1,0.7393791293543205
MEOX2,PCDH18,0.702268151756348
MEOX2,PCK1,0.7119226054811932
MEOX2,PDE1A,0.7224140731250227
MEOX2,PDE2A,0.7573408956365639
MEOX2,PDK4,0.7510470488387448
MEOX2,PGM5,0.7442374270881916
MEOX2,PI16,0.7676323219695915
MEOX2,PLAC9,0.7009541668926398
MEOX2,PPAP2A,0.747701645953083
MEOX2,PPAP2B,0.7057232136753518
MEOX2,PROS1,0.7284737752201872
MEOX2,PTPRB,0.7171584551318957
MEOX2,RBMS3,0.7295560509303249
MEOX2,RHOJ,0.7581978344288175
MEOX2,SCARA5,0.8017357861582739
MEOX2,SDPR,0.830869904009302
MEOX2,SHE,0.7405959503117507
MEOX2,SLC19A3,0.7140593913017161
MEOX2,STARD9,0.7058670027260378
MEOX2,SVEP1,0.8052191374536565
MEOX2,TEK,0.7600569832899456
MEOX2,TGFBR2,0.7774269321357091
MEOX2,TMEM100,0.7059670859878898
MEOX2,TNMD,0.7389975130878974
MEOX2,TNNT3,0.7478890266894439
MEOX2,TPO,0.7899866238313422
MEOX2,TSPAN7,0.8146246282879709
EGR2,EGR1,0.7829932651915782
EGR2,FOSB,0.7019233312145539
EGR2,FREM1,0.7092195765561554
EGR2,ZFP36,0.7209504284609789
ZNF696,BOP1,0.7786307208933243
ZNF696,EXOSC4,0.7120988967662211
ZNF696,PTK2,0.7065256192264306
ZNF696,PUF60,0.7439725584939325
ZNF696,TIGD5,0.7417517675627567
ZNF696,ZNF707,0.759233432925189
GRHL2,OVOL2,0.7063709312294507
SOX3,ARRDC5,0.7537708788885529
SOX3,AVP,0.84030350006141
SOX3,BBC3,0.7154905798482615
SOX3,C9ORF62,0.9435380952522592
SOX3,CASKIN1,0.9510147429750092
SOX3,CDH24,0.9409815557839476
SOX3,DLGAP3,0.88132081298266
SOX3,FBXL17,0.9442901124488117
SOX3,FBXL8,0.9035182090444738
SOX3,GPR156,0.7849086457923716
SOX3,GPR78,0.7109367731718438
SOX3,GRIN2D,0.956297725001271
SOX3,LCE5A,0.9526898467410027
SOX3,LOC201175,0.8455694934308328
SOX3,LOC389199,0.8222950703243482
SOX3,LRFN1,0.805998745908897
SOX3,MAFA,0.8577336323364688
SOX3,NEUROG3,0.8935085041784747
SOX3,NLF1,0.7368092869264772
SOX3,P2RY4,0.7527294430468071
SOX3,PARP10,0.9028843653776942
SOX3,POU3F3,0.9352825764546117
SOX3,PRR7,0.7610918560027062
SOX3,SCRT2,0.8723530893577579
SOX3,ZNF467,0.8784261433828957
SOX3,ZNF579,0.909923606424396
SOX3,ZNF784,0.8840900641711763
SOX3,ZNF787,0.8554037420813825
BCL11A,B3GNT5,0.7301565952022645
BCL11A,C10ORF38,0.7290407884355379
BCL11A,DDX26B,0.7017055788042534
BCL11A,FOXC1,0.7797585624137758
BCL11A,GABRP,0.7162971500185339
BCL11A,LEMD1,0.7240866983627143
BCL11A,MIA,0.7372771771317371
BCL11A,MLPH,-0.7019994041704334
BCL11A,PPP1R14C,0.7388790739704355
BCL11A,RGMA,0.7208004287680242
BCL11A,ROPN1,0.8103259609324348
BCL11A,ROPN1B,0.7841058647734931
BCL11A,SFRP1,0.7197477059789839
BCL11A,SLC6A14,0.7334040218980729
BCL11A,SOX10,0.727626096944904
BCL11A,SRRP35,0.7502572587959473
BCL11A,ST8SIA1,0.7226451728424401
BCL11A,TRIM29,0.702395395883224
BCL11A,UGT8,0.7411815197580811
BCL11A,VGLL1,0.7351242127572044
HBP1,CAPZA2,0.7164956191005477
FOXA1,AGR2,0.8494700169142151
FOXA1,AGR3,0.786539237344913
FOXA1,ANXA9,0.7182477116851248
FOXA1,B3GNT5,-0.7244835909780946
FOXA1,C10ORF38,-0.736253656860642
FOXA1,CA12,0.7831943805468777
FOXA1,CAPN13,0.7637890708115771
FOXA1,CHODL,-0.7293847665904453
FOXA1,CLCN4,-0.712162907843898
FOXA1,FBP1,0.7314201451541364
FOXA1,FLJ40504,0.7141036881308226
FOXA1,FOXC1,-0.764112043871868
FOXA1,FSIP1,0.7062472240740154
FOXA1,FZD9,-0.746024734656798
FOXA1,GATA3,0.804535207900446
FOXA1,GPR160,0.7397021552274505
FOXA1,KRT18,0.7222877041850935
FOXA1,LOC400451,0.7198922249408574
FOXA1,MLPH,0.8786076772157931
FOXA1,MYB,0.7329981809245077
FOXA1,PIB5PA,0.7238548901418626
FOXA1,PRR15,0.7995380486724074
FOXA1,RAB17,0.7351817902798963
FOXA1,SIDT1,0.7520527992083283
FOXA1,SLC44A4,0.7871930806324946
FOXA1,SPDEF,0.8751068457353237
FOXA1,SRRP35,-0.731492366780326
FOXA1,STAC,-0.7254806408746722
FOXA1,TSPAN1,0.7091864573130255
FOXA1,XBP1,0.8328402626550067
FOXA1,ZMYND10,0.7301126364690306
FOXA1,ZNF552,0.7413339232687035
GLI1,FREM1,0.7272062461700772
GLI1,GDF10,0.7252862364146221
GLI1,MFAP4,0.731713552661772
OVOL2,C1ORF172,0.7915969817325278
OVOL2,GRHL2,0.7063709312294506
OVOL2,RAB25,0.7201561437818808
OVOL2,TMEM125,0.7295267526958428
HMGB3,HMG4L,0.921548120088049
ZNF707,COMMD5,0.7039471390761435
ZNF707,EXOSC4,0.7198952344604608
ZNF707,FAM83H,0.7070676682747149
ZNF707,PUF60,0.7540234707873195
ZNF707,PYCRL,0.7083914933174393
ZNF707,TIGD5,0.718198482461399
ZNF707,ZNF696,0.7592334329251891
ZNF263,FLJ14154,0.736148420095348
ZNF263,ZNF174,0.7189733986222043
ZFHX4,C10ORF56,0.7054706205503082
ZFHX4,C2ORF32,0.7005909249926933
ZFHX4,CCDC80,0.7410911425520317
ZFHX4,DCN,0.7101472442511324
ZFHX4,ECM2,0.7027365195421956
ZFHX4,FSTL1,0.7069254429680951
ZFHX4,GLT8D2,0.726385512089067
ZFHX4,MSRB3,0.7172500992892562
ZFHX4,NDN,0.7238520768866202
ZFHX4,RUNX1T1,0.7281032172914605
ZFHX4,SERPINF1,0.7075296729050208
ZFHX4,SPON1,0.7192214556791394
ZFHX4,TCF4,0.7216920090868028
ZFHX4,ZFPM2,0.7083901252867285
ZNF800,RBAK,0.7622256700323269
ZNF800,RCP9,0.7664631544110041
ZNF800,REST,0.7487000407750759
MAZ,KIF22,0.7055343491903759
MYB,FOXA1,0.7329981809245076
TCF19,ARHGAP11A,0.7567025978411412
TCF19,ASF1B,0.7227990974102656
TCF19,AURKB,0.7478698438745542
TCF19,BLM,0.710659996098206
TCF19,BUB1,0.714428640507077
TCF19,BUB1B,0.7442271277737906
TCF19,C13ORF3,0.7108984142671584
TCF19,C15ORF42,0.7046094151433018
TCF19,C18ORF24,0.7267692403880008
TCF19,CCNB2,0.733338924517809
TCF19,CDC20,0.7122337273585422
TCF19,CDC25A,0.7142519545111472
TCF19,CDC45L,0.7558368487675992
TCF19,CDCA3,0.716777484330805
TCF19,CDCA5,0.7489153028201876
TCF19,CDCA8,0.7333052883284291
TCF19,CDT1,0.7295288769771894
TCF19,CENPA,0.7063739538301412
TCF19,CENPE,0.7179889899050856
TCF19,CENPI,0.7484314327130102
TCF19,CENPL,0.7304004606141329
TCF19,CLSPN,0.7239421640298197
TCF19,DEPDC1,0.7223662907189269
TCF19,DEPDC1B,0.7265578505748781
TCF19,DKFZP762E1312,0.7030199571575653
TCF19,DLG7,0.7176014296321657
TCF19,DTL,0.7159743512147653
TCF19,E2F8,0.718505035362796
TCF19,ECT2,0.7034514877319967
TCF19,ERCC6L,0.7026172836212955
TCF19,EXO1,0.7356028634812642
TCF19,FAM64A,0.7084515665386286
TCF19,FAM83D,0.731087767763421
TCF19,FEN1,0.7489588074257798
TCF19,FOXM1,0.7396727170239805
TCF19,GPSM2,0.7184411237288064
TCF19,GTSE1,0.7349106443775937
TCF19,KIF11,0.7271254200934506
TCF19,KIF15,0.7226635822807952
TCF19,KIF18A,0.702120430763894
TCF19,KIF20A,0.7018820704524885
TCF19,KIF23,0.7260389881566273
TCF19,KIF2C,0.7083611431430742
TCF19,KIF4A,0.7581871751658462
TCF19,KIF4B,0.7647024458476953
TCF19,KIFC1,0.7322045186055088
TCF19,MCM10,0.7287169643655522
TCF19,MCM2,0.7566748244149047
TCF19,MCM3,0.7262330267822104
TCF19,MCM6,0.7214338327134455
TCF19,MELK,0.725622195349116
TCF19,MYBL2,0.7014033011601812
TCF19,NCAPH,0.7249867195308236
TCF19,NDC80,0.7246258848304276
TCF19,NUSAP1,0.7408365666834238
TCF19,ORC1L,0.7421026624525955
TCF19,PLK1,0.7204411232247554
TCF19,POLG,0.7165662033306888
TCF19,PRC1,0.7564738386665759
TCF19,PTTG2,0.7030357841518508
TCF19,PTTG3,0.7005037604602788
TCF19,RACGAP1,0.733790883603775
TCF19,RAD51,0.7257587725062795
TCF19,RAD51AP1,0.7116112012807664
TCF19,RRM2,0.7374587425251713
TCF19,SMC4,0.7176656175524732
TCF19,SPC25,0.7022413805245263
TCF19,STIL,0.7537098343411869
TCF19,STMN1,0.7030078359159149
TCF19,TOP2A,0.7059464201519892
TCF19,TPX2,0.7622037695233557
TCF19,TTK,0.7444838930627498
TCF19,TYMS,0.7037889215951726
TCF19,WDR76,0.7095331392940968
MEOX1,ABCA6,0.7268370689232583
MEOX1,ABCA8,0.8042326935045605
MEOX1,ABCA9,0.7251850876703053
MEOX1,ABCB1,0.7167698279435681
MEOX1,ABI3BP,0.7414004923479303
MEOX1,ADH1B,0.7417225712497565
MEOX1,ADH1C,0.7033869457368893
MEOX1,ADIPOQ,0.7010553385006356
MEOX1,BMX,0.7774352344162893
MEOX1,C7,0.804793289222174
MEOX1,CCL15,0.7264745103281185
MEOX1,CLEC10A,0.7405874118938135
MEOX1,DARC,0.8586637155199511
MEOX1,DNASE1L3,0.7917567906755266
MEOX1,EBF3,0.72682603192086
MEOX1,EDG1,0.7423925717013808
MEOX1,ENPP2,0.7325259184327657
MEOX1,FLI1,0.7018185290162662
MEOX1,FREM1,0.7612259970071671
MEOX1,FXYD1,0.7371573238680499
MEOX1,GDF10,0.7644079328064768
MEOX1,GRRP1,0.7078551326467427
MEOX1,IGF1,0.7620445900453775
MEOX1,IL33,0.8184486066612962
MEOX1,ITIH5,0.7342637337405568
MEOX1,ITM2A,0.7823319177294225
MEOX1,MAP1LC3C,0.7200966714623928
MEOX1,MEOX2,0.787088388580806
MEOX1,MFAP4,0.722988639684499
MEOX1,PDE2A,0.7242716155330283
MEOX1,PI16,0.7674626293823178
MEOX1,SCARA5,0.7729866194383773
MEOX1,SDPR,0.7558902274106303
MEOX1,SELP,0.8322768217846597
MEOX1,TEK,0.7072548704335522
MEOX1,TGFBR2,0.7092250158245239
MEOX1,TNNT3,0.7063082706428411
MEOX1,TPO,0.7901491241761059
MEOX1,TSPAN7,0.7529645734743314
ETV7,CXCL11,0.7441985051676901
ETV7,OAS2,0.7100847704870563
ETV7,STAT1,0.7091478703379653
ETV7,TAP1,0.7686878418111981
POU3F3,ARRDC5,0.7700629559194397
POU3F3,ARTN,0.7033120856291907
POU3F3,AVP,0.866954447316259
POU3F3,C9ORF62,0.9579365426073744
POU3F3,CASKIN1,0.9750165343886205
POU3F3,CDH24,0.9421294404918164
POU3F3,DLGAP3,0.8729302330893994
POU3F3,FBXL17,0.9597465622490866
POU3F3,FBXL8,0.9028342779687669
POU3F3,GPR156,0.7855233455727929
POU3F3,GPR78,0.7013992204105418
POU3F3,GRIN2D,0.9766027374378962
POU3F3,LCE5A,0.9674531389912423
POU3F3,LOC201175,0.8531953234085933
POU3F3,LOC389199,0.8207066779667769
POU3F3,LRFN1,0.8127247019544065
POU3F3,MAFA,0.871122437370129
POU3F3,NEUROG3,0.8966558384687777
POU3F3,NLF1,0.7343136174437852
POU3F3,P2RY4,0.7620914428253559
POU3F3,PARP10,0.8999740906669519
POU3F3,PRR7,0.7394262106770749
POU3F3,SCRT2,0.8818519136819741
POU3F3,SOX3,0.9352825764546117
POU3F3,ZNF467,0.8874952354193771
POU3F3,ZNF579,0.9104144529484675
POU3F3,ZNF784,0.8963239879932573
POU3F3,ZNF787,0.8548596092113152
ZNF521,DZIP1,0.7030671939003987
ZNF177,ZNF559,0.7286676199936075
EGR1,CAV1,0.7125566292066075
EGR1,CYR61,0.8103411684109099
EGR1,DUSP1,0.8161390743055602
EGR1,EGR2,0.7829932651915783
EGR1,EGR3,0.7046006054962791
EGR1,FOS,0.8608811405013692
EGR1,FOSB,0.8501969435240048
EGR1,FXYD1,0.7055857782379605
EGR1,GRASP,0.7138903190828637
EGR1,IER2,0.7247051023428973
EGR1,JUNB,0.7043134383287811
EGR1,NR4A1,0.7620674142789192
EGR1,SDPR,0.7347544482737933
EGR1,SPRY1,0.7125601671737948
EGR1,ZFP36,0.8402549513968928
ZNF471,MGC9913,0.7316327348229706
ZNF471,ZNF667,0.7031199955156714
WDHD1,ANLN,0.7646145209243015
WDHD1,ARHGAP11A,0.732675698476511
WDHD1,ASF1B,0.7079079659682859
WDHD1,ASPM,0.7785246106774171
WDHD1,ATAD5,0.7058845942798366
WDHD1,AURKA,0.7076331785187576
WDHD1,AURKB,0.7104485117283483
WDHD1,BIRC5,0.7201976347188959
WDHD1,BLM,0.7659306090195568
WDHD1,BRIP1,0.7021868797908871
WDHD1,BUB1,0.7953299680040734
WDHD1,BUB1B,0.7771004808763943
WDHD1,C12ORF48,0.727114078857898
WDHD1,C13ORF3,0.7719662931139238
WDHD1,C15ORF42,0.750078053753425
WDHD1,C16ORF59,0.7251347021114732
WDHD1,C18ORF24,0.7163425556498526
WDHD1,C1ORF135,0.7048239475564159
WDHD1,CASC5,0.7384859473012861
WDHD1,CCNA2,0.7323281818325238
WDHD1,CCNB1,0.7327901844556378
WDHD1,CCNB2,0.7637980812402688
WDHD1,CCNE2,0.7227812410259291
WDHD1,CDC2,0.7405097260857614
WDHD1,CDC20,0.731102839211759
WDHD1,CDC25C,0.7127931947850755
WDHD1,CDC45L,0.7630252934751766
WDHD1,CDCA2,0.7048829292287492
WDHD1,CDCA3,0.7203614483313138
WDHD1,CDCA5,0.7633239975580223
WDHD1,CDCA8,0.7748244513394874
WDHD1,CDKN3,0.8127775449816836
WDHD1,CENPA,0.7769800863333113
WDHD1,CENPE,0.7620371043170697
WDHD1,CENPF,0.7685881088736358
WDHD1,CENPI,0.7813120203255978
WDHD1,CENPO,0.7113676563406302
WDHD1,CEP55,0.7762517438985953
WDHD1,CHEK1,0.789060901158848
WDHD1,CLSPN,0.7647268119227337
WDHD1,DEPDC1,0.755379559411043
WDHD1,DEPDC1B,0.7789336029302604
WDHD1,DIAPH3,0.7097978781733978
WDHD1,DKFZP762E1312,0.7767456526364589
WDHD1,DLG7,0.867244881647124
WDHD1,DNA2L,0.7316930853743715
WDHD1,DONSON,0.7127756505935867
WDHD1,DTL,0.7360797379656975
WDHD1,E2F7,0.7135256130793112
WDHD1,ECT2,0.7020474658598178
WDHD1,ERCC6L,0.7999204209140954
WDHD1,ESCO2,0.7212163185651095
WDHD1,EXO1,0.7919307319965975
WDHD1,EZH2,0.7091886911360966
WDHD1,FAM54A,0.7621069369274637
WDHD1,FAM64A,0.7247067802790016
WDHD1,FAM83D,0.7414664615746872
WDHD1,FANCI,0.7461174248479719
WDHD1,FEN1,0.7269080250770551
WDHD1,FOXM1,0.7487906033255163
WDHD1,GINS1,0.7363492593113742
WDHD1,GSG2,0.7191614623609349
WDHD1,GTSE1,0.7132232977271692
WDHD1,HELLS,0.7476685976618211
WDHD1,HMMR,0.7235705854982472
WDHD1,KIAA0101,0.7000206229257752
WDHD1,KIF11,0.785229015521454
WDHD1,KIF14,0.7666778376605179
WDHD1,KIF15,0.7859948416779406
WDHD1,KIF18A,0.7905656192893287
WDHD1,KIF20A,0.7658051927532902
WDHD1,KIF23,0.7796811903293165
WDHD1,KIF2C,0.7689819899508867
WDHD1,KIF4A,0.783660770876924
WDHD1,KIF4B,0.7581755323864023
WDHD1,KIFC1,0.7339349291215955
WDHD1,MCM10,0.7842075078383477
WDHD1,MCM2,0.7362591688139108
WDHD1,MCM6,0.7315716144853311
WDHD1,MELK,0.7940228512195527
WDHD1,MKI67,0.74607951144936
WDHD1,MND1,0.7001083724227306
WDHD1,NCAPG2,0.7196780008070572
WDHD1,NCAPH,0.7703001759076383
WDHD1,NDC80,0.7805533530366034
WDHD1,NEIL3,0.7392742272422845
WDHD1,NEK2,0.7260389956170266
WDHD1,NUF2,0.7499911834157926
WDHD1,NUSAP1,0.7385519086022619
WDHD1,OIP5,0.7548944502569209
WDHD1,ORC1L,0.7325664649243591
WDHD1,PBK,0.7241127098159994
WDHD1,PLK1,0.7131249607901513
WDHD1,PLK4,0.7644300156788987
WDHD1,POLE2,0.7282951033508611
WDHD1,POLG,0.7061087287598204
WDHD1,POLQ,0.7541007467462015
WDHD1,PRC1,0.7300591836852662
WDHD1,PTTG1,0.7306697111597595
WDHD1,PTTG2,0.7171008976212706
WDHD1,PTTG3,0.7261215110485251
WDHD1,RACGAP1,0.729006137982651
WDHD1,RAD51,0.7487858424250696
WDHD1,RAD51AP1,0.7000805226111554
WDHD1,RAD54L,0.757827793541988
WDHD1,RNASEH2A,0.7159975290948778
WDHD1,RRM2,0.7343766141511873
WDHD1,SGOL1,0.723881574981012
WDHD1,SGOL2,0.7483838977458054
WDHD1,SHCBP1,0.7037358533741184
WDHD1,SMC4,0.7051616872321059
WDHD1,SPAG5,0.7267048249458983
WDHD1,SPC25,0.7534387331107207
WDHD1,STIL,0.7771445152402128
WDHD1,STMN1,0.7222060598530724
WDHD1,TOP2A,0.712110128701871
WDHD1,TPX2,0.7887410762189346
WDHD1,TRIP13,0.7052124853318753
WDHD1,TTK,0.8212094097141787
WDHD1,UBE2C,0.7299334883636945
WDHD1,UBE2T,0.7593920059814148
WDHD1,UHRF1,0.7072174006271795
WDHD1,ZWINT,0.7434269359087616
HOXA10,HOXA9,0.7269135097575551
RBAK,RCP9,0.7402109854025056
RBAK,ZNF800,0.7622256700323268
NEUROG3,ARRDC5,0.8348732683047262
NEUROG3,ARTN,0.7253419519996223
NEUROG3,AVP,0.8627476499420886
NEUROG3,BBC3,0.7139269303383922
NEUROG3,C9ORF62,0.9384083410266866
NEUROG3,CASKIN1,0.9174201177936419
NEUROG3,CDH24,0.9494860050101366
NEUROG3,DLGAP3,0.932275168355308
NEUROG3,FBXL17,0.946671565464286
NEUROG3,FBXL8,0.9035344771883457
NEUROG3,GPR156,0.8407691046947241
NEUROG3,GPR78,0.7396513933158668
NEUROG3,GRIN2D,0.9191427922916966
NEUROG3,LCE5A,0.9146980238684184
NEUROG3,LOC201175,0.9004038254646237
NEUROG3,LOC389199,0.8649305406432704
NEUROG3,LRFN1,0.8276930809482322
NEUROG3,MAFA,0.8804131149869013
NEUROG3,NLF1,0.7614606112946527
NEUROG3,P2RY4,0.8255441359138508
NEUROG3,PARP10,0.8717595272567269
NEUROG3,POU3F3,0.8966558384687778
NEUROG3,PRR7,0.7946655445677919
NEUROG3,SCRT2,0.8989914041755569
NEUROG3,SOX3,0.8935085041784748
NEUROG3,ZNF467,0.8483344703981256
NEUROG3,ZNF579,0.9144156033830443
NEUROG3,ZNF784,0.9083041238630968
NEUROG3,ZNF787,0.885348000493405
ERG,ABCA6,0.7341290553760494
ERG,ABCA8,0.7660447685852846
ERG,ABCA9,0.7019344284294685
ERG,ADCY4,0.713415810881748
ERG,AKAP12,0.7564303209299971
ERG,ANGPTL1,0.7472412136728592
ERG,ANKRD47,0.7584369183389392
ERG,AOC3,0.829252190070701
ERG,AQP1,0.7658154484218823
ERG,ARHGAP20,0.7083650757939277
ERG,ASPA,0.7419866074994821
ERG,BMX,0.8082576633947449
ERG,C10ORF56,0.7088387351929671
ERG,C20ORF160,0.7218369865265591
ERG,C2ORF32,0.8234093298039911
ERG,C6ORF189,0.7723667540263851
ERG,C9ORF125,0.7094189118293042
ERG,CAV1,0.7602189418177444
ERG,CCL15,0.7148624954657486
ERG,CD200,0.700842073942683
ERG,CD34,0.7948223626673884
ERG,CFHR3,0.702871819828078
ERG,CLDN5,0.7441600155995262
ERG,CLEC3B,0.7365133973021515
ERG,CORO2B,0.7017483066596818
ERG,CYTL1,0.7122318010553017
ERG,DARC,0.7098914118833426
ERG,DLC1,0.7175403444171556
ERG,EBF1,0.774118388301732
ERG,EBF3,0.7690149940428673
ERG,ECM2,0.7138864531425836
ERG,EDG1,0.8573685619549704
ERG,EDNRB,0.7170775267891244
ERG,EMCN,0.8300969124895824
ERG,ENPP2,0.7026821190783349
ERG,FAM124B,0.771519144642924
ERG,FHL1,0.7478793702564969
ERG,FLI1,0.7009071642868991
ERG,FLRT2,0.737817057911233
ERG,FXYD1,0.7155221220219149
ERG,GDF10,0.7145622896211096
ERG,GNG11,0.8506284330736068
ERG,GPR124,0.7058110119543043
ERG,GPR146,0.7350955976058366
ERG,GRASP,0.8058191210827124
ERG,GRRP1,0.750368579458803
ERG,IGF1,0.74767441115479
ERG,IL33,0.7035390931431582
ERG,IPO11,0.7971196857850175
ERG,ITIH5,0.7304202244982363
ERG,ITM2A,0.7068069410955243
ERG,JAM2,0.8363029187067984
ERG,JAM3,0.7241837809120646
ERG,LDB2,0.8801301955763406
ERG,LHFP,0.8102520531718075
ERG,LMO2,0.704496766167185
ERG,LOC221091,0.741925989613124
ERG,LOC338328,0.7066626115040634
ERG,MEOX2,0.755467238831015
ERG,MFAP4,0.7092783257326333
ERG,MMP28,0.7031457203171312
ERG,MMRN2,0.7283547657794484
ERG,MYCT1,0.8139693413144115
ERG,NDN,0.7387181792441937
ERG,NPR1,0.7197556482222132
ERG,PCSK5,0.7148061338494851
ERG,PDE1A,0.8056824479974687
ERG,PDE2A,0.7860364788138514
ERG,PDGFD,0.7106132833961367
ERG,PLAC9,0.7360200033139402
ERG,PPAP2A,0.7763045074211463
ERG,PTPRB,0.8445617813174622
ERG,RBMS3,0.7532612046881667
ERG,RHOJ,0.8327576600774391
ERG,ROBO4,0.7132957040304263
ERG,RUNX1T1,0.735148381061407
ERG,SCN4B,0.7341574695988581
ERG,SDPR,0.7589659738827025
ERG,SHE,0.7559880074165338
ERG,SLIT2,0.7552553808143492
ERG,SPARCL1,0.7133808091330952
ERG,SPRY1,0.7115684033234878
ERG,SVEP1,0.7687603024525171
ERG,TBX15,0.7171393253964815
ERG,TEK,0.852230874965643
ERG,TGFBR2,0.7488829745976195
ERG,THSD1,0.7451314229836443
ERG,TMEM22,0.7273390611614604
ERG,TPO,0.7266136440213159
ERG,TSPAN7,0.7393200073565136
ERG,USHBP1,0.7223591041604897
FOXO1,ABCA6,0.747143223995305
FOXO1,ABCA8,0.7125380988304544
FOXO1,ABCA9,0.7032775131755945
FOXO1,AKAP12,0.7553975292425585
FOXO1,ARHGAP20,0.7293602067643576
FOXO1,C2ORF32,0.7656944930153753
FOXO1,CAV1,0.7596394679166811
FOXO1,CAV2,0.725774430241786
FOXO1,CFHR3,0.7093458923273948
FOXO1,CXCL12,0.714701076264068
FOXO1,EBF1,0.7119638511627431
FOXO1,ECM2,0.7067898520263852
FOXO1,EDG1,0.71643354057774
FOXO1,F10,0.7062218840516645
FOXO1,FHL1,0.7350198793567169
FOXO1,FLRT2,0.7534312108767838
FOXO1,FOXN3,0.70227343927968
FOXO1,FXYD1,0.7011422326268318
FOXO1,GNG11,0.7520477277782066
FOXO1,ITIH5,0.7150574193176256
FOXO1,ITM2A,0.7239901720793505
FOXO1,JAM2,0.7412850764134753
FOXO1,KCTD12,0.7487699935346207
FOXO1,LDB2,0.7034298256177958
FOXO1,LHFP,0.7346444047313215
FOXO1,LIMS2,0.7119576912291605
FOXO1,LOC221091,0.7229567123843867
FOXO1,MFAP4,0.7386598160186226
FOXO1,NDN,0.7648787956425628
FOXO1,PPAP2B,0.7029062342003155
FOXO1,PROS1,0.7146039088489502
FOXO1,RBMS3,0.7724086409692776
FOXO1,RHOJ,0.7188046903266023
FOXO1,RUNX1T1,0.7318729850087032
FOXO1,SDPR,0.7178525650499076
FOXO1,SRPX,0.7257245936941793
FOXO1,SVEP1,0.7457733819257912
FOXO1,SYNE1,0.7222544855624523
FOXO1,TGFBR2,0.7663204959792532
FOXO1,TSHZ2,0.7189481818078534
TFDP3,TFDP1,0.8489634392095755
GLI2,CCDC80,0.7486670373421448
GLI2,COL14A1,0.7424618558324315
GLI2,FLRT2,0.7605303747502505
GLI2,FSTL1,0.7782606024630803
GLI2,GLT8D2,0.7163303469666842
GLI2,GPR124,0.7021447066712188
GLI2,JAM3,0.7134583077430486
GLI2,MFAP4,0.7318847157255643
GLI2,MSRB3,0.7149073765768023
GLI2,NAP1L3,0.7149421391886236
GLI2,NDN,0.7174859529534069
GLI2,PCSK5,0.7071893580218976
GLI2,PDGFRA,0.7431800900301039
GLI2,RBMS3,0.734026632212673
GLI2,RUNX1T1,0.7492215943910352
GLI2,SLIT2,0.7318049845020109
GLI2,TCF4,0.7057699034320152
SOX7,MYCT1,0.706289369715069
ZNF423,C10ORF56,0.7215701931362066
ZNF423,C2ORF32,0.7521575010967854
ZNF423,DCN,0.7048432896732751
ZNF423,NDN,0.7011749672378934
PARP12,IFIT3,0.7044805682192403
PARP12,OAS1,0.733270188587906
PARP12,OAS2,0.7225363380261701
PARP12,OAS3,0.7546304620475042
PARP12,OASL,0.7198811851634973
PARP12,PARP14,0.7233894805949762
PARP12,STAT1,0.7039417025788244
PARP12,TAP1,0.7503821006706027
VSX1,NDRG2,0.8491300786490865
E2F2,ANLN,0.748957745369133
E2F2,ARHGAP11A,0.7463466458439904
E2F2,ASF1B,0.7296833223123382
E2F2,ASPM,0.7500021438946295
E2F2,AURKA,0.7335040781673279
E2F2,AURKB,0.7914654057609837
E2F2,BIRC5,0.7488062182852404
E2F2,BLM,0.8156624101461167
E2F2,BUB1,0.7849367544329482
E2F2,BUB1B,0.7690602622958529
E2F2,C13ORF3,0.7732552171346244
E2F2,C15ORF42,0.8260277572110974
E2F2,C18ORF24,0.7557875667468398
E2F2,C1ORF135,0.7808148572524382
E2F2,CCNA2,0.7822847116754275
E2F2,CCNB1,0.7121671763476771
E2F2,CCNB2,0.8044036867402781
E2F2,CDC2,0.7383736040467189
E2F2,CDC20,0.8048445855499303
E2F2,CDC25A,0.7426415748929256
E2F2,CDC25C,0.7211192949950463
E2F2,CDC45L,0.8167785940174694
E2F2,CDCA3,0.7848618248510706
E2F2,CDCA5,0.8067115018490011
E2F2,CDCA8,0.8281504036953136
E2F2,CDKN3,0.7441127371450713
E2F2,CDT1,0.7693320607430016
E2F2,CENPA,0.8009657549812542
E2F2,CENPE,0.7611778767619845
E2F2,CENPF,0.7255548970443759
E2F2,CENPI,0.7366454879178214
E2F2,CENPM,0.7470932386281014
E2F2,CENPN,0.7430612063566068
E2F2,CENPO,0.7665881044602952
E2F2,CEP55,0.7860172937266598
E2F2,CHEK1,0.7654735347124889
E2F2,CLSPN,0.7488874016571224
E2F2,CTPS,0.7127910255543729
E2F2,DEPDC1,0.7381144616711207
E2F2,DEPDC1B,0.7684742183945007
E2F2,DKFZP762E1312,0.8189336764053246
E2F2,DLG7,0.7941479138337959
E2F2,DONSON,0.7024067472402787
E2F2,E2F1,0.7453649924985531
E2F2,ERCC6L,0.7186008890066604
E2F2,EXO1,0.7699526511936022
E2F2,FAM54A,0.7590601511012818
E2F2,FAM64A,0.7673307736586974
E2F2,FAM83D,0.7344339397091172
E2F2,FANCA,0.7339592843402599
E2F2,FANCI,0.7499417536559545
E2F2,FOXM1,0.8037230649646139
E2F2,GTSE1,0.7888706311657002
E2F2,IQGAP3,0.700472577995723
E2F2,KIF11,0.7544840734452437
E2F2,KIF14,0.717520069690255
E2F2,KIF15,0.7561577917349668
E2F2,KIF20A,0.7560079022427485
E2F2,KIF23,0.7371388691492087
E2F2,KIF2C,0.83478762158877
E2F2,KIF4A,0.7587222987190634
E2F2,KIF4B,0.7262526179518336
E2F2,KIFC1,0.768314920181936
E2F2,MCM10,0.8064976355895813
E2F2,MCM2,0.7066165761700988
E2F2,MCM4,0.7203423651299824
E2F2,MELK,0.8079548486423085
E2F2,MKI67,0.737472584041721
E2F2,MND1,0.7342232285864049
E2F2,MYBL2,0.7888289617656834
E2F2,NCAPG2,0.7105493352785125
E2F2,NCAPH,0.7660492001254352
E2F2,NDC80,0.7936839706008691
E2F2,NEIL3,0.7244148873750843
E2F2,NUF2,0.7307268678471336
E2F2,NUSAP1,0.7570169556651164
E2F2,OIP5,0.7639805313668182
E2F2,ORC1L,0.801159669170192
E2F2,ORC6L,0.7136451855771349
E2F2,PIF1,0.7549123033317903
E2F2,PKMYT1,0.713482770972658
E2F2,PLK1,0.769927574130607
E2F2,POLQ,0.7698511646953046
E2F2,PRC1,0.7533548026536621
E2F2,PTTG1,0.7716835657698373
E2F2,PTTG2,0.7743671910861402
E2F2,PTTG3,0.7817588264192291
E2F2,RACGAP1,0.7026183172502389
E2F2,RAD51,0.7992270598432956
E2F2,RAD54L,0.824514693911606
E2F2,RRM2,0.7287413897344872
E2F2,SGOL1,0.7518361617606887
E2F2,SPAG5,0.7001872158917407
E2F2,SPC25,0.757987231078252
E2F2,STIL,0.7326504502955935
E2F2,STMN1,0.7894405061682919
E2F2,TACC3,0.7043366056898289
E2F2,TPX2,0.78128385359399
E2F2,TRIP13,0.7533023704139483
E2F2,TROAP,0.7218139047502208
E2F2,TTK,0.7838961155420687
E2F2,UBE2C,0.7889753718384818
E2F2,UBE2S,0.7072589751780345
E2F2,UBE2T,0.7109295736968347
E2F2,WDR62,0.7188828123881956
FOS,AXUD1,0.7053995969917973
FOS,CYR61,0.7212189924162226
FOS,DUSP1,0.8631830530425719
FOS,EGR1,0.8608811405013692
FOS,FOSB,0.8722061570988577
FOS,JUNB,0.7648500790534731
FOS,SDPR,0.7138602913664452
FOS,ZFP36,0.8639794185776402
SPDEF,AGR2,0.7611212014277611
SPDEF,C17ORF28,0.7280535873121164
SPDEF,CA12,0.7140015448750027
SPDEF,CAPN13,0.7243076278739715
SPDEF,CHODL,-0.7145047509147509
SPDEF,CREB3L4,0.7520636079627689
SPDEF,FLJ40504,0.7605201560878709
SPDEF,FOXA1,0.8751068457353238
SPDEF,FOXC1,-0.7037246621041903
SPDEF,GATA3,0.7172382057750087
SPDEF,KRT18,0.7490460213375204
SPDEF,LOC400451,0.7264180657188842
SPDEF,MLPH,0.8601499966741628
SPDEF,PRR15,0.7799781749556088
SPDEF,SLC44A4,0.7730013007082077
SPDEF,STARD10,0.7313982916406122
SPDEF,TSPAN1,0.7091215119623026
SPDEF,XBP1,0.7873748164935993
SPDEF,ZNF552,0.7128819976031974
FLI1,ABCA6,0.7150950293103838
FLI1,ABCB1,0.7181822082288504
FLI1,ABI3BP,0.7571718804714804
FLI1,ACSL4,0.704805794080034
FLI1,ALDH1A1,0.7067595265519117
FLI1,AP1S2,0.7369699980830684
FLI1,APBB1IP,0.7892901600144865
FLI1,C10ORF54,0.7250702441510349
FLI1,C2ORF32,0.7582679541960994
FLI1,CCDC69,0.7170622928806026
FLI1,CCND2,0.7458589608728045
FLI1,CD200,0.7337437446124316
FLI1,CD69,0.7411093453516711
FLI1,CFH,0.7335819423350672
FLI1,CFHR3,0.7051620431627624
FLI1,CLEC10A,0.7031634156747063
FLI1,CLEC2B,0.713624107046629
FLI1,CLIC2,0.8168095420495692
FLI1,DNASE1L3,0.7177653422752632
FLI1,DOCK11,0.7044458329484394
FLI1,EBF3,0.7082845828586237
FLI1,EDG1,0.8083302000951054
FLI1,ENPP2,0.7763094430516632
FLI1,ERG,0.7009071642868993
FLI1,FYN,0.7275694197193603
FLI1,GAB3,0.8473062735125669
FLI1,GIMAP1,0.8462016329796724
FLI1,GIMAP4,0.7343267727367466
FLI1,GIMAP6,0.7645980804765004
FLI1,GIMAP7,0.7415257158184639
FLI1,GIMAP8,0.8441633961531144
FLI1,GMFG,0.864751012623892
FLI1,GNG2,0.7927704418280278
FLI1,GRASP,0.7048988649474934
FLI1,HOM-TES-103,0.7231825709366393
FLI1,HSD17B11,0.7136035168252172
FLI1,ICAM2,0.7004257899116664
FLI1,IL33,0.7102033535842858
FLI1,ITM2A,0.7873244809413462
FLI1,JAM2,0.7209715235983296
FLI1,KCTD12,0.802228967282992
FLI1,LDB2,0.7055992033112372
FLI1,LMO2,0.7605609076661575
FLI1,LRMP,0.7273653460413647
FLI1,MEF2C,0.7138632333043358
FLI1,MEOX1,0.7018185290162662
FLI1,MEOX2,0.7244024563587178
FLI1,MFNG,0.8592948875926653
FLI1,MS4A6A,0.7446422602895898
FLI1,NLRP3,0.7032007640092717
FLI1,P2RY14,0.7047187946920563
FLI1,PLCL2,0.7023870052528729
FLI1,PPP1R16B,0.7503485669511148
FLI1,PTGER4,0.7821201854076595
FLI1,RASGRP2,0.7266815082189573
FLI1,RCSD1,0.7680702621089571
FLI1,RGS18,0.736467132257856
FLI1,SLC9A9,0.8410155963478302
FLI1,TEK,0.7143179082823525
FLI1,TGFBR2,0.838733951584788
FLI1,TLR4,0.8182395779430842
FLI1,TSPAN7,0.7147559398711673
FLI1,VAMP5,0.7217115043568482
FLI1,ZEB2,0.7138957211572627
WT1,WIT1,0.8960287906808302
PPARG,ABCA6,0.7004261629489434
PPARG,ABCA8,0.7309158980601408
PPARG,ABCA9,0.7075463346554238
PPARG,ACVR1C,0.7534860816845333
PPARG,ADH1B,0.7062841559179349
PPARG,ADIPOQ,0.7177433909826464
PPARG,ALDH1L1,0.7748101473078203
PPARG,AOC3,0.7996248056427443
PPARG,AQP7,0.8091206736230994
PPARG,AQP7P2,0.7968812771532697
PPARG,ARHGAP20,0.7031026151910723
PPARG,ASPA,0.7473361650680199
PPARG,ATOH8,0.7332464926429583
PPARG,BTNL9,0.739769421210533
PPARG,C14ORF139,0.7576051093179023
PPARG,C6ORF189,0.7005338008444296
PPARG,CA4,0.7654820575258695
PPARG,CAV1,0.8038829949782813
PPARG,CAV2,0.7021587378774848
PPARG,CD300LG,0.7527070056016935
PPARG,CD36,0.7057554768818313
PPARG,CDO1,0.7073291447948095
PPARG,CES1,0.7051630543629852
PPARG,CFD,0.7086540442406778
PPARG,CIDEC,0.7871981203794136
PPARG,CPA1,0.703426382234499
PPARG,CRHBP,0.7418677945199458
PPARG,EBF1,0.7385205339755763
PPARG,EDG1,0.7142688320044517
PPARG,ENPP2,0.7113612181784948
PPARG,F10,0.7012530324550097
PPARG,FHL1,0.7775860993410817
PPARG,FIGF,0.7045850745179247
PPARG,FLJ90650,0.7804239251797686
PPARG,FXYD1,0.7465187267600765
PPARG,G0S2,0.7556905150149935
PPARG,GDF10,0.7010273231219786
PPARG,GLYAT,0.786706982884427
PPARG,GNG11,0.7474869970858579
PPARG,GPAM,0.7472182332600635
PPARG,GPD1,0.7906585501963518
PPARG,GPR146,0.770358823678305
PPARG,GPX3,0.7576782426954547
PPARG,HEPACAM,0.7550059956277799
PPARG,HSPB7,0.7582088911928877
PPARG,ITGA7,0.7423769173431982
PPARG,ITIH5,0.7983265338425726
PPARG,KCNIP2,0.7690501882385745
PPARG,KIAA1881,0.7007612436850008
PPARG,LDB2,0.734260575390835
PPARG,LGALS12,0.7199767162864701
PPARG,LHFP,0.7224045031478218
PPARG,LIPE,0.7117170991072196
PPARG,LOC221091,0.7331220768523203
PPARG,LPL,0.7424570102477646
PPARG,MAP1LC3C,0.7163411805497901
PPARG,MRAP,0.7484562531027844
PPARG,MYOC,0.7071381879534033
PPARG,NNAT,0.7078089126547651
PPARG,NPR1,0.8071405122891562
PPARG,PCK1,0.7779135172314771
PPARG,PDE2A,0.7847418106093557
PPARG,PDK4,0.7155253688281104
PPARG,PLAC9,0.7259726354520586
PPARG,PPAP2A,0.7012491069009907
PPARG,RBP4,0.8042165340170152
PPARG,RDH5,0.7550781145285542
PPARG,SCARA5,0.7019204330998856
PPARG,SCN4A,0.7117791221843398
PPARG,SDPR,0.7370603931411687
PPARG,SGK2,0.70015956884079
PPARG,SLC16A7,0.7005697548222511
PPARG,SLC19A3,0.7422174966170776
PPARG,SVEP1,0.7364939795721781
PPARG,TEK,0.7050191554946771
PPARG,TGFBR2,0.7053474103294741
PPARG,TIMP4,0.76846652852588
PPARG,TMEM22,0.7162432825383854
PPARG,TMEM37,0.7645608955107405
PPARG,TNMD,0.7808683621336765
PPARG,TSPAN7,0.7018166263240234
TBX15,ABCA6,0.744904451807072
TBX15,ABCA8,0.7201733923634278
TBX15,ADAMTS12,0.7107695791849772
TBX15,AKAP12,0.7887927696993181
TBX15,ANGPTL2,0.7676526297923654
TBX15,AOC3,0.7759964685880986
TBX15,ARHGAP20,0.7231982000145425
TBX15,ASPA,0.7034474739719148
TBX15,BHMT2,0.7212588950874875
TBX15,C10ORF56,0.721969201879512
TBX15,C2ORF32,0.8496774588009612
TBX15,CAV1,0.7394830123449017
TBX15,CCDC80,0.7381042060313914
TBX15,CD248,0.7399004593135454
TBX15,CFH,0.7373122288010782
TBX15,CFHR3,0.7464210937122184
TBX15,CXCL12,0.7158967743863357
TBX15,DCN,0.7640917829843087
TBX15,DDR2,0.7421117363498528
TBX15,DLC1,0.7238483889828773
TBX15,DPT,0.7232237109332699
TBX15,EBF1,0.786531731106076
TBX15,EBF3,0.7664715938174016
TBX15,ECM2,0.8326140768526077
TBX15,EHD2,0.713878618610976
TBX15,EMX2,0.7311899051803551
TBX15,ERG,0.7171393253964816
TBX15,FBLN2,0.7142138531026014
TBX15,FHL1,0.7738525023124959
TBX15,FILIP1L,0.7015433049651012
TBX15,FLJ10357,0.7170561676849255
TBX15,FLRT2,0.7235390874531258
TBX15,FSTL1,0.7762354347434499
TBX15,GALNTL2,0.73186741870225
TBX15,GLT8D2,0.7054522592398914
TBX15,GNG11,0.7726378346687596
TBX15,GNG2,0.7068290270924172
TBX15,GPR124,0.7750951742712482
TBX15,GRASP,0.7043085558211033
TBX15,GSN,0.711122520003631
TBX15,JAM2,0.739084352402767
TBX15,JAM3,0.721776216221879
TBX15,LAMA2,0.7470369554102213
TBX15,LAMA4,0.7768722318921123
TBX15,LDB2,0.7664798011447118
TBX15,LHFP,0.7667256368788227
TBX15,LOC221091,0.7284646779288563
TBX15,MFAP4,0.7056468405819311
TBX15,MMP28,0.740447652369845
TBX15,MSRB3,0.7607891303133321
TBX15,MST150,0.7053838184575107
TBX15,NDN,0.8123140950393107
TBX15,PCDH18,0.7453850120892653
TBX15,PCSK5,0.76567498358078
TBX15,PDE2A,0.7061030518196151
TBX15,PLEKHC1,0.7004943411622925
TBX15,PLSCR4,0.7017960525627129
TBX15,PPAPDC3,0.7906845668396325
TBX15,PTHR1,0.7904974892686276
TBX15,PTPRM,0.7331821588694103
TBX15,PTRF,0.7376427044860309
TBX15,RARRES2,0.7153026247396111
TBX15,RBMS3,0.7740969459341578
TBX15,RHOJ,0.7076084215055304
TBX15,RUNX1T1,0.7728336542654433
TBX15,SERPINF1,0.7458122701481933
TBX15,SRPX,0.7709876472995089
TBX15,STGC3,0.7024750751288383
TBX15,SVEP1,0.7416378071179873
TBX15,TCF4,0.7030357101676635
TBX15,TEK,0.7188985313433182
TBX15,TGFBR2,0.7277759438862061
TBX15,TSHZ3,0.7064491354379582
TBX15,ZFPM2,0.7665991967781745
HOXC10,HOTAIR,0.7730640271740606
HOXC10,HOXC11,0.7583165469215637
HOXC10,HOXC13,0.7421557409089727
E4F1,MRPS34,0.7153282118243597
E4F1,NARFL,0.7080938385937015
E4F1,NUBP2,0.7253363819066789
E4F1,RABEP2,0.7298480781946085
E4F1,RHOT2,0.7787313226214231
E4F1,TELO2,0.7170422449083586
E4F1,WDR24,0.7616234145292986
ZNF667,MGC9913,0.7220631446309732
ZNF667,ZNF471,0.7031199955156714
E2F3,MEX3A,0.7073122593537674
FOXM1,ANLN,0.8571075858408886
FOXM1,ARHGAP11A,0.8308658559415749
FOXM1,ASF1B,0.8191777378976889
FOXM1,ASPM,0.8563745672151757
FOXM1,ATAD2,0.7325726594385511
FOXM1,AURKA,0.8399101789602003
FOXM1,AURKB,0.8794897528200499
FOXM1,BIRC5,0.8600091034992985
FOXM1,BLM,0.8560082267215579
FOXM1,BUB1,0.8886045598088678
FOXM1,BUB1B,0.8631314771480301
FOXM1,C12ORF48,0.759120452066607
FOXM1,C13ORF3,0.8544840828395692
FOXM1,C15ORF42,0.8841033277236946
FOXM1,C16ORF59,0.7942349361003512
FOXM1,C18ORF24,0.8177351824550815
FOXM1,C1ORF135,0.7878930129405706
FOXM1,C6ORF173,0.7045923428085534
FOXM1,C9ORF100,0.7173851705555829
FOXM1,C9ORF140,0.7203213922507276
FOXM1,CASC5,0.7487661366301072
FOXM1,CCNA2,0.8724746150984881
FOXM1,CCNB1,0.8292807502892208
FOXM1,CCNB2,0.9126409445608603
FOXM1,CCNE1,0.750051386290115
FOXM1,CCNE2,0.7326236922067866
FOXM1,CDC2,0.8375535941419617
FOXM1,CDC20,0.8808162582330208
FOXM1,CDC25A,0.7668814258568621
FOXM1,CDC25C,0.8302472413210629
FOXM1,CDC45L,0.8706428318836846
FOXM1,CDC6,0.7259516557218038
FOXM1,CDC7,0.7407779036934979
FOXM1,CDCA2,0.7877106873447988
FOXM1,CDCA3,0.9381626994656536
FOXM1,CDCA5,0.8861076074116119
FOXM1,CDCA8,0.8910203050934592
FOXM1,CDKN3,0.8258742992714293
FOXM1,CDT1,0.8397591948440911
FOXM1,CENPA,0.9011039347014431
FOXM1,CENPE,0.859005655505965
FOXM1,CENPF,0.8537789138451696
FOXM1,CENPI,0.8258163806038694
FOXM1,CENPL,0.7112726468823344
FOXM1,CENPM,0.8075326634210014
FOXM1,CENPN,0.7995295553277383
FOXM1,CENPO,0.8223126592172333
FOXM1,CEP55,0.8799018250724562
FOXM1,CHEK1,0.8185301883677788
FOXM1,CIT,0.7419744882471769
FOXM1,CKAP2L,0.7602366335702037
FOXM1,CKS2,0.7660268922413743
FOXM1,CLSPN,0.7847345183560026
FOXM1,CTPS,0.7273985246142324
FOXM1,DDX39,0.7569537010691021
FOXM1,DEPDC1,0.8098912974517047
FOXM1,DEPDC1B,0.8698248958936584
FOXM1,DIAPH3,0.7991737189513731
FOXM1,DKFZP762E1312,0.8842571559074371
FOXM1,DLG7,0.879531801256261
FOXM1,DNA2L,0.7260210883746813
FOXM1,DONSON,0.7468649325365185
FOXM1,DTL,0.7534528129461379
FOXM1,E2F1,0.8008902705120488
FOXM1,E2F2,0.8037230649646139
FOXM1,E2F7,0.7714750535769042
FOXM1,E2F8,0.7992689175505294
FOXM1,ECT2,0.7024153916127265
FOXM1,ERCC6L,0.8197360933950513
FOXM1,ESCO2,0.7271372849885672
FOXM1,ESPL1,0.793837145622636
FOXM1,EXO1,0.8765935888047547
FOXM1,EZH2,0.7581518683245149
FOXM1,FAM54A,0.836941683443308
FOXM1,FAM64A,0.8812682347774624
FOXM1,FAM83D,0.8498532227872716
FOXM1,FANCA,0.7892610148759571
FOXM1,FANCI,0.8196154068214667
FOXM1,FEN1,0.7715214226576108
FOXM1,GINS1,0.7452839514710964
FOXM1,GPSM2,0.7465746127885554
FOXM1,GSG2,0.7847629421410902
FOXM1,GTSE1,0.8768465992308445
FOXM1,H2AFX,0.7319188216608556
FOXM1,HELLS,0.7167438313678732
FOXM1,HMMR,0.8009951758030436
FOXM1,IQGAP3,0.7445535830297987
FOXM1,KIAA0101,0.7257705918960615
FOXM1,KIF11,0.8688740271635425
FOXM1,KIF14,0.8336424860428906
FOXM1,KIF15,0.8467416317803824
FOXM1,KIF18A,0.8208650471402494
FOXM1,KIF20A,0.8776713409626916
FOXM1,KIF23,0.8574546397484705
FOXM1,KIF2C,0.9073762296471617
FOXM1,KIF4A,0.8816254253386867
FOXM1,KIF4B,0.8545925852648474
FOXM1,KIFC1,0.8517601260952654
FOXM1,KNTC1,0.7121757666180499
FOXM1,KPNA2,0.7680808836672548
FOXM1,LMNB2,0.7510940159556828
FOXM1,LOC492311,-0.7191605615120217
FOXM1,MAD2L1,0.7615382883515242
FOXM1,MASTL,0.7527781096688533
FOXM1,MCM10,0.874306959059256
FOXM1,MCM2,0.798551994340478
FOXM1,MCM4,0.7623816940804073
FOXM1,MCM6,0.7493723194121166
FOXM1,MELK,0.8867757765835989
FOXM1,MKI67,0.8403502621515508
FOXM1,MLF1IP,0.7321354758319687
FOXM1,MND1,0.7854509560487766
FOXM1,MYBL2,0.840444224319124
FOXM1,NCAPD2,0.8230662673931767
FOXM1,NCAPG2,0.7752969863295045
FOXM1,NCAPH,0.8715734772969914
FOXM1,NDC80,0.8515313434010257
FOXM1,NEIL3,0.8266590367940049
FOXM1,NEK2,0.8083141541112957
FOXM1,NOL1,0.7376424731907528
FOXM1,NUF2,0.8324026065939278
FOXM1,NUSAP1,0.847655680196763
FOXM1,OIP5,0.8296051487261484
FOXM1,ORC1L,0.8343591126688109
FOXM1,ORC6L,0.7807317259157203
FOXM1,PBK,0.7860671636376068
FOXM1,PIF1,0.7963162027051044
FOXM1,PKMYT1,0.7507264160407997
FOXM1,PLEKHK1,0.7058535114933908
FOXM1,PLK1,0.8808333200560868
FOXM1,PLK4,0.7892636317240647
FOXM1,POLA2,0.7139389090788301
FOXM1,POLD1,0.7226543496833426
FOXM1,POLG,0.7787940687969922
FOXM1,POLQ,0.8447873327930384
FOXM1,PRC1,0.864480137959739
FOXM1,PSRC1,0.7466135196668476
FOXM1,PTTG1,0.8661972101717587
FOXM1,PTTG2,0.854527807195689
FOXM1,PTTG3,0.8696235634484574
FOXM1,RACGAP1,0.8136953610049812
FOXM1,RAD51,0.8324260966743845
FOXM1,RAD51AP1,0.8206728921769355
FOXM1,RAD54L,0.8865217651460916
FOXM1,RBL1,0.7073476657708302
FOXM1,RECQL4,0.7432970232454272
FOXM1,RNASEH2A,0.7675660069440934
FOXM1,RRM2,0.8026870816676136
FOXM1,SGOL1,0.8089100091311219
FOXM1,SGOL2,0.7148196784160734
FOXM1,SHCBP1,0.7952427529102187
FOXM1,SMC4,0.7300370309473162
FOXM1,SPAG5,0.8172817580131149
FOXM1,SPC25,0.8385132476176769
FOXM1,STIL,0.8209532700613922
FOXM1,STMN1,0.7695190170875889
FOXM1,TACC3,0.7927484050710427
FOXM1,TCAG7.1015,0.7187579789925085
FOXM1,TCF19,0.7396727170239805
FOXM1,TIMELESS,0.7132679297228715
FOXM1,TK1,0.7476051101098303
FOXM1,TOP2A,0.7894823693096779
FOXM1,TPI1,0.7543381510696952
FOXM1,TPX2,0.9120659176888872
FOXM1,TRAIP,0.7130268646157222
FOXM1,TRIP13,0.8424620074744879
FOXM1,TROAP,0.8522011945871156
FOXM1,TTK,0.8564048726193416
FOXM1,TYMS,0.7450900104241533
FOXM1,UBE2C,0.8971573966549329
FOXM1,UBE2S,0.8144361083132593
FOXM1,UBE2T,0.8220017457188296
FOXM1,UHRF1,0.7588821966338406
FOXM1,WDHD1,0.7487906033255162
FOXM1,WDR51A,0.7408526169202836
FOXM1,WDR62,0.7462246107578125
FOXM1,ZNF695,0.700517790902103
FOXM1,ZWINT,0.783876973389398
EPAS1,AOC3,0.7078349097353382
EPAS1,CAV1,0.7521186712861335
EPAS1,NPR1,0.7083477041121187
ZBTB32,AIM2,0.7986286718596068
ZBTB32,APOBEC3H,0.7080345419992724
ZBTB32,BIC,0.7449227827861125
ZBTB32,CCR5,0.7340688068320338
ZBTB32,CCR7,0.7199897805913076
ZBTB32,CD274,0.7234492509396894
ZBTB32,CD72,0.7083784170095081
ZBTB32,CST7,0.760553391174852
ZBTB32,CTLA4,0.7589828715389068
ZBTB32,CXCL11,0.7362359787963472
ZBTB32,CXCR3,0.741003558120229
ZBTB32,CXORF9,0.7227134652461256
ZBTB32,EOMES,0.7728190933829415
ZBTB32,GBP5,0.7488643378243162
ZBTB32,GPR132,0.7137333454999133
ZBTB32,GPR18,0.7482034034623591
ZBTB32,ICOS,0.8665870104710943
ZBTB32,IFNG,0.7842791278823781
ZBTB32,IL18RAP,0.7069088984770864
ZBTB32,IL21R,0.7390236172062867
ZBTB32,IL2RA,0.7803665096614039
ZBTB32,INDO,0.7571683198568877
ZBTB32,LAG3,0.729719434695893
ZBTB32,LAMP3,0.7260983802550748
ZBTB32,LTB,0.7064912130571147
ZBTB32,PDCD1,0.8318873210262354
ZBTB32,PTPN7,0.7643711618367698
ZBTB32,SELL,0.7762655260601714
ZBTB32,STAP1,0.7785038163855595
ZBTB32,TFEC,0.7357428382791737
ZBTB32,TNFRSF9,0.7216183004981053
ZBTB32,VSTM3,0.7937348494372636
ZBTB32,WIPF1,0.7053777960944584
ZBTB32,ZBED2,0.8070579360608119
HOXA3,HOXA2,0.804478904417934
HOXA3,HOXA4,0.8177591907157021
HOXA3,HOXA5,0.8303804959442602
HOXA3,HOXA7,0.7665448127844403
ZEB2,APBB1IP,0.7551477936833988
ZEB2,CARD6,0.7025898967487033
ZEB2,CLEC2B,0.70398453386958
ZEB2,CLIC2,0.7299395314326727
ZEB2,FLI1,0.7138957211572627
ZEB2,GAB3,0.7571627540572183
ZEB2,GIMAP1,0.7336415001004816
ZEB2,GIMAP8,0.7171926349499462
ZEB2,GMFG,0.7546639019733162
ZEB2,GNG2,0.755122346473602
ZEB2,KCTD12,0.7041426903922647
ZEB2,MAF,0.7118405666789657
ZEB2,MFNG,0.7004814802316821
ZEB2,MMP19,0.7282048694118592
ZEB2,TLR4,0.7186523767082479
ZEB2,VAMP5,0.7320236809674677
ZNF559,ZNF177,0.7286676199936075
REST,JMJD2A,0.7483613305208742
REST,ZNF800,0.7487000407750758
KLF15,ALDH1L1,0.747433895486227
KLF15,AQP7,0.7080962280931492
KLF15,ATOH8,0.7236482320928763
KLF15,CA4,0.7230105719305057
KLF15,CD300LG,0.7028661661707499
KLF15,ITGA7,0.7027810395375308
KLF15,SDPR,0.7079816763988243
FOXN3,C14ORF139,0.7342981365070612
FOXN3,C2ORF32,0.7131427410809456
FOXN3,CAV1,0.7525544554065412
FOXN3,CAV2,0.7154199700619541
FOXN3,EBF1,0.7119166427443342
FOXN3,FHL1,0.7355325237489351
FOXN3,FOXO1,0.70227343927968
FOXN3,GSN,0.7290843529253244
FOXN3,RBMS3,0.7122540132047828
FOXN3,SLC16A7,0.7137810072790538
FOXN3,STARD9,0.7547239867760216
FOXN3,TGFBR2,0.7351791830936072
HAND2,NBLA00301,0.8372000117252749
HOXC13,HOTAIR,0.7387339568913016
HOXC13,HOXC10,0.7421557409089727
ZBTB4,BUB1,-0.7121178519289777
ZBTB4,C15ORF42,-0.7016052690256002
ZBTB4,CCNA2,-0.7072133983400417
ZBTB4,CDC20,-0.7358663999616892
ZBTB4,CDC45L,-0.7278665207500432
ZBTB4,CDCA5,-0.7203481887289314
ZBTB4,CDCA8,-0.7248996008517716
ZBTB4,EXO1,-0.7104984442509498
ZBTB4,FAM54A,-0.7019432537788725
ZBTB4,FAM83D,-0.7170977091439401
ZBTB4,GTSE1,-0.7013294582992452
ZBTB4,KIF2C,-0.7043657710003617
ZBTB4,MCM10,-0.70785412565957
ZBTB4,MYBL2,-0.7071312871162377
ZBTB4,ORC1L,-0.718508899106197
ZBTB4,PLK1,-0.7015853810300603
ZBTB4,RRM2,-0.7083028359181371
ZBTB4,TNFSF12,0.7055193972017781
ZBTB4,TPX2,-0.7037780583527662
ZBTB4,TTK,-0.7025797456444791
PEG3,ZIM2,0.873275833915346
ZIM2,PEG3,0.873275833915346
ID4,BOC,0.7004548396523025
ID4,CCDC82,0.7312240974534041
ID4,CRYAB,0.7442295720603107
ID4,DMD,0.7288425496153844
ID4,DMN,0.7079576664617836
ID4,HOXA4,0.7157279429302933
ID4,KIT,0.7204825803745298
ID4,ROPN1,0.7018407441786993
ID4,SFRP1,0.8030759746908182
ID4,SPRY2,0.720477987513422
TCF23,C10ORF62,0.7278562585454681
TCF23,C17ORF54,0.7736086022533505
TCF23,CDH16,0.7412720211007692
TCF23,CPA5,0.7458484763005429
TCF23,CROCCL2,0.7008302605512415
TCF23,FLJ16369,0.7591542791684468
TCF23,GPR139,0.7525861820636599
TCF23,GPR152,0.8592323021826805
TCF23,KCNV2,0.7998130107225827
TCF23,KIAA1751,0.7291959625327091
TCF23,MASP2,0.7778985260379274
TCF23,PAX4,0.8710469474066952
TCF23,TGM7,0.7718649319226125
TCF23,TRIM74,0.7047199298220971
TCF23,TSNARE1,0.7898449694443316
XBP1,AGR2,0.753013827288054
XBP1,AGR3,0.7610594080531466
XBP1,ANXA9,0.7294440872172767
XBP1,B3GNT5,-0.7158470575697706
XBP1,CA12,0.7744583125945002
XBP1,FBP1,0.7091038484663025
XBP1,FOXA1,0.8328402626550067
XBP1,FZD9,-0.7229200418155671
XBP1,GATA3,0.7750224098213492
XBP1,GPR160,0.7195458329686518
XBP1,MAGED2,0.7203928994971149
XBP1,MATN4,-0.706125188442456
XBP1,MLPH,0.8418135011623158
XBP1,PIB5PA,0.7506203408256443
XBP1,PRR15,0.7366242851766794
XBP1,RAB17,0.7080166549581872
XBP1,SIDT1,0.7121796442384057
XBP1,SLC44A4,0.7278625633076691
XBP1,SPDEF,0.7873748164935994
XBP1,ZNF552,0.7528965951618302
ZNF250,PTK2,0.7084361039396602
MXD3,CDC25C,0.7605079803487853
MXD3,CENPM,0.7252990281902549
MXD3,DKFZP762E1312,0.7088806015091187
MXD3,ESPL1,0.7027689599567534
MXD3,IQGAP3,0.7044313236939347
MXD3,KIF11,0.7005165603651172
MXD3,KIF20A,0.70769173296463
MXD3,KIFC1,0.7070177977643779
MXD3,PTTG1,0.746151199502425
MXD3,PTTG2,0.737614921075269
MXD3,PTTG3,0.7525557498115799
MXD3,TROAP,0.7897217038390482
MXD3,UBE2C,0.7091329270449561
ZNF768,FLJ14154,0.7111531248949102
ZNF768,GTF3C1,0.7116355129774998
ZNF768,RHOT2,0.7206651523286718
ZNF768,RNF40,0.731086657906507
HOXA9,HOXA10,0.7269135097575551
HOXA9,HOXA5,0.8077990973086019
HOXA9,HOXA7,0.830270716577966
ELK1,ATXN7L3,0.7054839086669584
ELK1,EIF4G1,0.702279752254148
ELK1,PTBP1,0.7246303128939283
MAF,C2ORF32,0.7168728038851093
MAF,CLEC2B,0.7223939700652315
MAF,KCTD12,0.7238219804592784
MAF,LHFP,0.7000734222545362
MAF,ZEB2,0.7118405666789658
E2F8,ANLN,0.7926906912661146
E2F8,ARHGAP11A,0.8171267564270894
E2F8,ASF1B,0.7583537569718668
E2F8,ASPM,0.778669665882478
E2F8,ATAD2,0.7391362979561906
E2F8,AURKA,0.8209412980169444
E2F8,AURKB,0.7836716097019298
E2F8,BIRC5,0.7811049093600368
E2F8,BLM,0.7833229460848884
E2F8,BUB1,0.8381451557373399
E2F8,BUB1B,0.8135147189420671
E2F8,C12ORF48,0.7686985462904965
E2F8,C13ORF3,0.7854004189983741
E2F8,C15ORF42,0.7875531032815304
E2F8,C16ORF59,0.7184682382758711
E2F8,C18ORF24,0.7718576907149421
E2F8,C1ORF135,0.7356831417882821
E2F8,CASC5,0.7370083898312622
E2F8,CCNA2,0.8186120410436885
E2F8,CCNB1,0.7978379164836672
E2F8,CCNB2,0.8201877477907248
E2F8,CCNE2,0.7864653885749912
E2F8,CDC2,0.8117908090933337
E2F8,CDC20,0.7737669995434014
E2F8,CDC25C,0.8207637110599026
E2F8,CDC45L,0.794831048639975
E2F8,CDC6,0.730278178489737
E2F8,CDCA3,0.7787970034765027
E2F8,CDCA5,0.81411243066736
E2F8,CDCA8,0.8240496199296297
E2F8,CDKN3,0.7766845193188454
E2F8,CDT1,0.7163502281284686
E2F8,CENPA,0.8333215262389367
E2F8,CENPE,0.8333323321493163
E2F8,CENPF,0.774084298827536
E2F8,CENPI,0.7979003971115969
E2F8,CENPK,0.7360591106490181
E2F8,CENPL,0.7118977544466901
E2F8,CENPM,0.7214138447563914
E2F8,CENPN,0.7329556984371298
E2F8,CENPO,0.704802391890149
E2F8,CEP55,0.8157585145838472
E2F8,CHEK1,0.7527689242494345
E2F8,CKAP2L,0.7484289191223571
E2F8,CLSPN,0.7358084358705294
E2F8,DBF4,0.7228010984300998
E2F8,DEPDC1,0.7809152282266326
E2F8,DEPDC1B,0.840662515702188
E2F8,DKFZP762E1312,0.8051869018470957
E2F8,DLG7,0.8296498249364714
E2F8,DNA2L,0.7248650257603754
E2F8,DONSON,0.7351429622569233
E2F8,DTL,0.7468822079465673
E2F8,E2F1,0.7284638790993132
E2F8,E2F7,0.7196704454810912
E2F8,ECT2,0.7363803828951322
E2F8,ERCC6L,0.7909765761435051
E2F8,ESCO2,0.7277005414162941
E2F8,ESPL1,0.7548783302108347
E2F8,EXO1,0.7839825218385457
E2F8,FAM54A,0.8037950734489822
E2F8,FAM64A,0.7754324360979209
E2F8,FAM83D,0.8299376329307898
E2F8,FANCI,0.7505691329434352
E2F8,FEN1,0.7064604169891461
E2F8,FOXM1,0.7992689175505294
E2F8,GINS1,0.761433343910633
E2F8,GPSM2,0.70872148665105
E2F8,GSG2,0.7137748976675796
E2F8,GTSE1,0.7574843284503551
E2F8,H2AFZ,0.7155870935323022
E2F8,HELLS,0.7137624716087345
E2F8,HMMR,0.7922953011724432
E2F8,KIF11,0.8142402722586229
E2F8,KIF14,0.7749124981542203
E2F8,KIF15,0.8219554183654744
E2F8,KIF18A,0.8291812993297557
E2F8,KIF20A,0.8050201731211732
E2F8,KIF23,0.8170238565631015
E2F8,KIF2C,0.8200373105929878
E2F8,KIF4A,0.8016951359742672
E2F8,KIF4B,0.7901220054809477
E2F8,KIFC1,0.7644269588911728
E2F8,KPNA2,0.7352301351034852
E2F8,MAD2L1,0.7778091785147365
E2F8,MASTL,0.7072271546931364
E2F8,MCM10,0.8090264249288066
E2F8,MCM2,0.7278282830933254
E2F8,MCM6,0.7276245628265615
E2F8,MELK,0.8231629307828804
E2F8,MKI67,0.7500046443094253
E2F8,MLF1IP,0.7116319633128911
E2F8,MND1,0.7272778734004132
E2F8,MYBL2,0.7586500292680035
E2F8,NCAPH,0.8080496544747636
E2F8,NDC80,0.8148225018565608
E2F8,NEIL3,0.8285480056687554
E2F8,NEK2,0.7968498362412231
E2F8,NUF2,0.792119366991767
E2F8,NUSAP1,0.8315536422193495
E2F8,OIP5,0.8078698682200913
E2F8,ORC1L,0.7513385776787859
E2F8,ORC6L,0.7742726414072864
E2F8,PBK,0.7675681087303869
E2F8,PIF1,0.7026514873164073
E2F8,PLK1,0.7818590434825574
E2F8,PLK4,0.7951413991842987
E2F8,POLG,0.7497706006803548
E2F8,POLQ,0.7730065696704522
E2F8,PRC1,0.8008568905796694
E2F8,PTTG1,0.8162316561149644
E2F8,PTTG2,0.8184210768316436
E2F8,PTTG3,0.8219869218502395
E2F8,RACGAP1,0.8279024749525641
E2F8,RAD51,0.8011307024651007
E2F8,RAD51AP1,0.7409869165458396
E2F8,RAD54L,0.7558947704064943
E2F8,RBL1,0.7108630966977161
E2F8,RNASEH2A,0.705789767069671
E2F8,RRM2,0.7956224667047922
E2F8,SGOL1,0.7706405619970671
E2F8,SGOL2,0.7065573361888547
E2F8,SHCBP1,0.7944571642991585
E2F8,SMC4,0.7449224649355001
E2F8,SPAG5,0.7991471026588172
E2F8,SPC25,0.7980091627761554
E2F8,STIL,0.7975022739918307
E2F8,TCF19,0.718505035362796
E2F8,TIMELESS,0.7035219003701241
E2F8,TMPO,0.7400253565604349
E2F8,TOP2A,0.7905530008627859
E2F8,TPX2,0.8407598879751916
E2F8,TRIP13,0.7710886572687722
E2F8,TROAP,0.7660554661639062
E2F8,TTK,0.8098632052971844
E2F8,TYMS,0.7237413384544267
E2F8,UBE2C,0.8474625435393595
E2F8,UBE2T,0.7821309693362087
E2F8,UHRF1,0.7368369732866459
E2F8,WDR51A,0.7075269392191988
E2F8,ZWINT,0.7696629433770187
JUNB,EGR1,0.7043134383287811
JUNB,FOS,0.7648500790534731
JUNB,FOSB,0.7187284797380701
JUNB,IER2,0.7412779635605603
JUNB,SOCS3,0.7036074103716963
JUNB,ZFP36,0.7744921120289862
HOXA5,HOXA2,0.8206321980326583
HOXA5,HOXA3,0.8303804959442603
HOXA5,HOXA4,0.8282992215106044
HOXA5,HOXA7,0.8933196526495232
HOXA5,HOXA9,0.8077990973086019
E2F1,ANLN,0.7123902552278776
E2F1,ARHGAP11A,0.706927874895933
E2F1,ASF1B,0.7393449220830763
E2F1,ASPM,0.720673154283541
E2F1,AURKA,0.7795401952744606
E2F1,AURKB,0.792228957125526
E2F1,BIRC5,0.7912830556722343
E2F1,BLM,0.7689645665639503
E2F1,BUB1,0.7475781162973608
E2F1,BUB1B,0.7487241675358602
E2F1,C13ORF3,0.7025850162201068
E2F1,C15ORF42,0.7948993765951834
E2F1,C16ORF59,0.7284717533164726
E2F1,C18ORF24,0.7044538896416199
E2F1,C9ORF140,0.7281443671067754
E2F1,CCNA2,0.8291853659999079
E2F1,CCNB1,0.7159180958407098
E2F1,CCNB2,0.7758530198319619
E2F1,CDC2,0.7412441830123494
E2F1,CDC20,0.7854254308627165
E2F1,CDC25A,0.7475794218721307
E2F1,CDC25C,0.7175966373835178
E2F1,CDC45L,0.8162371529814715
E2F1,CDC6,0.7072811830809216
E2F1,CDCA3,0.8192708220125504
E2F1,CDCA5,0.7980713286883531
E2F1,CDCA8,0.7854760896911791
E2F1,CDKN3,0.7287950826343744
E2F1,CDT1,0.7671229493448872
E2F1,CENPA,0.7809898927379454
E2F1,CENPE,0.7567793796507142
E2F1,CENPI,0.7558346033555176
E2F1,CENPM,0.7751365224608616
E2F1,CENPN,0.7376117391482427
E2F1,CENPO,0.7586401191782944
E2F1,CEP55,0.7451559795058517
E2F1,CHEK1,0.7396409905767434
E2F1,CLSPN,0.7555601809981043
E2F1,DEPDC1,0.70236871082897
E2F1,DEPDC1B,0.7600091302697366
E2F1,DKFZP762E1312,0.7622832951941767
E2F1,DLG7,0.7473353104067405
E2F1,E2F2,0.745364992498553
E2F1,E2F8,0.7284638790993132
E2F1,ERCC6L,0.7266009318509753
E2F1,ESPL1,0.7564028770802748
E2F1,EXO1,0.7813660913687501
E2F1,FAM54A,0.7409201419923868
E2F1,FAM64A,0.7340017230044089
E2F1,FAM83D,0.7513600979366202
E2F1,FANCI,0.7133912112244897
E2F1,FEN1,0.7331521378480649
E2F1,FOXM1,0.8008902705120488
E2F1,GINS1,0.7107034031613113
E2F1,GTSE1,0.765642308712646
E2F1,KIF11,0.7430443828153512
E2F1,KIF14,0.7099945933420129
E2F1,KIF15,0.7036382106159584
E2F1,KIF18A,0.7017035819170834
E2F1,KIF20A,0.7435726539689161
E2F1,KIF23,0.7266419736637787
E2F1,KIF2C,0.7917354861615611
E2F1,KIF4A,0.7571953696552336
E2F1,KIF4B,0.754315322399688
E2F1,KIFC1,0.7322480347069528
E2F1,LOC492311,-0.7004814806950225
E2F1,MCM10,0.8068465822467688
E2F1,MCM2,0.731586475600752
E2F1,MCM4,0.7019259061632945
E2F1,MELK,0.7585402642889402
E2F1,MKI67,0.7145997996408278
E2F1,MND1,0.7221698846696738
E2F1,MYBL2,0.8203216056798909
E2F1,NCAPH,0.7705362012085935
E2F1,NDC80,0.7291814590540715
E2F1,NEIL3,0.7277209048955053
E2F1,NUF2,0.7073370929989174
E2F1,NUSAP1,0.7274316578247307
E2F1,OIP5,0.7181887406721799
E2F1,ORC1L,0.7816816940406979
E2F1,ORC6L,0.7505218976243918
E2F1,PIF1,0.7478195345538956
E2F1,PKMYT1,0.7719182350116993
E2F1,PLK1,0.7798510770387156
E2F1,POLQ,0.7859114118700627
E2F1,PRC1,0.7142226373472033
E2F1,PTTG1,0.7653274374952719
E2F1,PTTG2,0.7582592623781843
E2F1,PTTG3,0.7665339907226405
E2F1,RACGAP1,0.7352853476595873
E2F1,RAD51,0.7590874454998571
E2F1,RAD54L,0.7883389713985814
E2F1,RECQL4,0.7292958091114761
E2F1,RRM2,0.7264553051297199
E2F1,SGOL1,0.7313660408630008
E2F1,SHCBP1,0.7114575754727556
E2F1,SPAG5,0.7443319802553875
E2F1,SPC25,0.7443575235069151
E2F1,STIL,0.7099281623869284
E2F1,TPX2,0.7975539596036956
E2F1,TRIP13,0.7587885657015762
E2F1,TROAP,0.795648950196635
E2F1,TTK,0.7216466220299382
E2F1,UBE2C,0.7988447971687556
E2F1,UBE2S,0.7510869814009533
E2F1,UBE2T,0.7374195531783974
E2F1,ZWINT,0.7273157148862995
TFEC,ADAMDEC1,0.7383503233395755
TFEC,AIM2,0.7374109300037188
TFEC,APOBEC3H,0.7234513427686716
TFEC,BIC,0.764058890487771
TFEC,C17ORF87,0.8054265578543026
TFEC,CCR5,0.7802368856317468
TFEC,CD300LF,0.847901245993327
TFEC,CD37,0.7553720089681498
TFEC,CD68,0.707915366090014
TFEC,CD72,0.7904369638146361
TFEC,CD80,0.7563544704174763
TFEC,CD84,0.8449263379207931
TFEC,CST7,0.723485304336018
TFEC,CXCL11,0.7484164669118236
TFEC,CXORF9,0.8183393154660275
TFEC,DOK3,0.755909398796442
TFEC,EPSTI1,0.756593076106963
TFEC,FPRL2,0.7851752735188554
TFEC,GBP5,0.7148191503282352
TFEC,GPR132,0.7202984980055015
TFEC,GPR18,0.7571834055618121
TFEC,GPR65,0.8298703291323349
TFEC,HCK,0.7071507151090636
TFEC,HTRA4,0.740102447483357
TFEC,ICOS,0.7615650966117272
TFEC,IFNG,0.7408541879633982
TFEC,IL2RA,0.7516042568329547
TFEC,ITGAX,0.7586013359897258
TFEC,ITGB2,0.7623854604815732
TFEC,LAPTM5,0.8099763311926662
TFEC,LILRB1,0.8930370554927526
TFEC,LYZ,0.7057730031748052
TFEC,MARCH1,0.874601777258485
TFEC,MS4A6A,0.7047239222065229
TFEC,MSR1,0.7427651788006212
TFEC,NPL,0.7197578793428955
TFEC,PARVG,0.7966149492181871
TFEC,PTPN7,0.7185134914113065
TFEC,RGS18,0.7153721831581235
TFEC,SIGLEC10,0.7219168298785581
TFEC,SIGLEC7,0.7951856519023326
TFEC,SIGLEC9,0.7392748519312804
TFEC,SLAMF8,0.7827241390134958
TFEC,SLC7A7,0.7754509757144358
TFEC,SPI1,0.7846810694082067
TFEC,TNFSF13B,0.7202387163668086
TFEC,URP2,0.807221010917194
TFEC,WIPF1,0.7596444648369503
TFEC,ZBTB32,0.7357428382791739
NFIB,SFRP1,0.733530693835599
FOXC1,B3GNT5,0.801381461069545
FOXC1,BCL11A,0.7797585624137758
FOXC1,C10ORF38,0.822042075969381
FOXC1,C16ORF77,0.713010910291941
FOXC1,C20ORF42,0.7363315013234534
FOXC1,CDK6,0.7022163730981631
FOXC1,CHODL,0.7184034662216212
FOXC1,EGFR,0.7180464450295845
FOXC1,FOXA1,-0.764112043871868
FOXC1,GABRP,0.729307027566478
FOXC1,KLK6,0.7037237213522826
FOXC1,KRT16,0.7315293364645681
FOXC1,LEMD1,0.7658239693285427
FOXC1,LRFN2,-0.7158618999143742
FOXC1,MIA,0.772585136141129
FOXC1,MLPH,-0.7531745763789254
FOXC1,MOBKL2B,0.7269061237223129
FOXC1,MRAS,0.7118473236726427
FOXC1,PPP1R14C,0.7296101783562987
FOXC1,PTCHD1,0.7069232493096919
FOXC1,RGMA,0.7667633026344207
FOXC1,ROPN1,0.8313117072832689
FOXC1,ROPN1B,0.8094164045659709
FOXC1,SFRP1,0.7580851014940644
FOXC1,SHC4,0.7178195733924234
FOXC1,SLC6A14,0.7361673063937159
FOXC1,SOX10,0.7261124151948545
FOXC1,SPDEF,-0.7037246621041903
FOXC1,SRRP35,0.7970822379018585
FOXC1,STAC,0.7374955812543963
FOXC1,STOX2,0.7693240069884515
FOXC1,TRIM2,0.7309167174532148
FOXC1,TTYH1,0.7095411696869027
FOXC1,UGT8,0.7483917485470165
FOXC1,VGLL1,0.7670373342118475
HOXA4,ADAMTS5,0.7107285013397694
HOXA4,CAV1,0.7068554915383949
HOXA4,CAV2,0.7020707524566282
HOXA4,DMD,0.7305642588776192
HOXA4,EFHA2,0.7225763391485622
HOXA4,HOXA2,0.7901046054974339
HOXA4,HOXA3,0.8177591907157021
HOXA4,HOXA5,0.8282992215106044
HOXA4,HOXA7,0.7854633528592966
HOXA4,ID4,0.7157279429302934
HOXA4,IGSF10,0.7269593272989793
HOXA4,KCNJ16,0.7117105776700015
HOXA4,KLHL29,0.7516462628292673
HOXA4,LIMS2,0.7223787151492418
HOXA4,MEIS2,0.705871085468085
HOXA4,MYLK,0.7099042318242267
HOXA4,PROS1,0.7138159918154486
HOXA4,SPRY2,0.7776743939519899
HOXA4,STARD9,0.7158507094188805
HOXA4,TMEM100,0.7220626925414961
HOXA4,TSLP,0.7604693799202273
ZNF579,ARRDC5,0.8045288356618125
ZNF579,ARTN,0.7370539590997534
ZNF579,AVP,0.8265001757606875
ZNF579,BBC3,0.755101675433619
ZNF579,C9ORF62,0.9352768620217945
ZNF579,CASKIN1,0.9490036343079208
ZNF579,CDH24,0.9563223157721639
ZNF579,DLGAP3,0.9392276260141447
ZNF579,FBXL17,0.956124877439486
ZNF579,FBXL8,0.893091572143645
ZNF579,GPR156,0.807079320404008
ZNF579,GRIN2D,0.943033882733245
ZNF579,LCE5A,0.9375066634301659
ZNF579,LOC201175,0.8354218287007854
ZNF579,LOC389199,0.8574324244924196
ZNF579,LRFN1,0.8540618158197569
ZNF579,MAFA,0.8693577580695606
ZNF579,NEUROG3,0.9144156033830444
ZNF579,NLF1,0.7629675676492449
ZNF579,P2RY4,0.757711228368647
ZNF579,PARP10,0.8757883995148004
ZNF579,POU3F3,0.9104144529484675
ZNF579,PRR7,0.7662568657624739
ZNF579,SCRT2,0.8682566546222906
ZNF579,SOX3,0.909923606424396
ZNF579,ZNF467,0.8666720378079816
ZNF579,ZNF784,0.8953786153800747
ZNF579,ZNF787,0.9126841346286978
ELF5,ROPN1,0.760433103012409
ELF5,ROPN1B,0.7545987581263572
ELF5,SOX10,0.701909664238389
ELF5,VGLL1,0.7320525520298864
SOX8,SOX10,0.7069748238906335
ZNF784,ARRDC5,0.76277392977309
ZNF784,ARTN,0.7428607439028685
ZNF784,AVP,0.8439819749287678
ZNF784,BBC3,0.746711104155043
ZNF784,C9ORF62,0.9105285896436963
ZNF784,CASKIN1,0.9096083003737098
ZNF784,CDH24,0.9071337219337918
ZNF784,DLGAP3,0.8993450030870345
ZNF784,FBXL17,0.9191123206191957
ZNF784,FBXL8,0.870692917440381
ZNF784,GPR156,0.8402565553911886
ZNF784,GPR78,0.7624042177480943
ZNF784,GRIN2D,0.9059325844803039
ZNF784,LCE5A,0.9039712388680168
ZNF784,LOC201175,0.8573388273738165
ZNF784,LOC389199,0.8647445600803079
ZNF784,LRFN1,0.8742762069691435
ZNF784,MAFA,0.8888733151445817
ZNF784,NEUROG3,0.9083041238630968
ZNF784,NLF1,0.8002901170585626
ZNF784,P2RY4,0.8418055972194789
ZNF784,PARP10,0.8497723684212073
ZNF784,POU3F3,0.8963239879932572
ZNF784,PRR7,0.7794739192700584
ZNF784,SCRT2,0.8718373840035609
ZNF784,SOX3,0.8840900641711763
ZNF784,ZNF467,0.857768338250115
ZNF784,ZNF579,0.8953786153800746
ZNF784,ZNF787,0.8785782317171108
EGR3,EGR1,0.7046006054962791
IRX1,SOX10,0.7304742375985631
NR4A1,CYR61,0.7242912732444482
NR4A1,DUSP1,0.7226223286245949
NR4A1,EGR1,0.7620674142789192
NR4A1,FOSB,0.7864103045122258
NR4A1,NR4A3,0.7239438084493824
NR4A1,ZFP36,0.7546052366033946
NR4A3,IL6,0.7483049138254612
NR4A3,NR4A1,0.7239438084493824
ZNF668,RABEP2,0.7116265632610205
ZNF174,ZNF263,0.7189733986222043
HOXC11,HOTAIR,0.7305811124761687
HOXC11,HOXC10,0.7583165469215636
GMEB2,ARFGAP1,0.7014236671458822
TAL1,CAV1,0.7133124609770959
TAL1,EBF1,0.7026094781606191
TAL1,GNG11,0.7137273862061991
TAL1,PTPRB,0.7024968460741974
EOMES,AIM2,0.7474151113199267
EOMES,APOBEC3H,0.7929514972484031
EOMES,BIC,0.7363722324083355
EOMES,CCR5,0.7775709404707114
EOMES,CCR7,0.7834469262151084
EOMES,CD37,0.7364604374249153
EOMES,CORO1A,0.7084750346094837
EOMES,CST7,0.8369592465859834
EOMES,CTLA4,0.7128750628272619
EOMES,CXCR3,0.8337466908255121
EOMES,CXORF9,0.7835951129373403
EOMES,GBP5,0.7197165316412713
EOMES,GPR132,0.7371520449020181
EOMES,GPR18,0.8241945199053811
EOMES,ICOS,0.8253625111413485
EOMES,IFNG,0.7792237576279436
EOMES,IL18RAP,0.7127780935589089
EOMES,IL21R,0.722108912059292
EOMES,INDO,0.7188996505649796
EOMES,LTB,0.7617122166991649
EOMES,P2RY10,0.7335427631352849
EOMES,PDCD1,0.8372685411326015
EOMES,PTPN7,0.8052861859352655
EOMES,SELL,0.784476452343685
EOMES,STAP1,0.7070855993746445
EOMES,TNFRSF9,0.7128279930995317
EOMES,VSTM3,0.7863450688975728
EOMES,WIPF1,0.7218493868459747
EOMES,ZBED2,0.7653994393393083
EOMES,ZBTB32,0.7728190933829416
ATOH8,ABCA8,0.7172975912352202
ATOH8,ABCA9,0.7190277655175796
ATOH8,ACVR1C,0.7469071295351933
ATOH8,ALDH1L1,0.8233443417437382
ATOH8,AOC3,0.7573338668588103
ATOH8,AQP1,0.7003390725942666
ATOH8,AQP7,0.7817076451770649
ATOH8,AQP7P2,0.7324844278268537
ATOH8,AVPR2,0.7053329501564197
ATOH8,BMX,0.7271815909491292
ATOH8,BTNL9,0.7773250813589763
ATOH8,C10ORF10,0.7101932614041653
ATOH8,C14ORF139,0.733217513525752
ATOH8,C1QTNF9,0.7175583309416592
ATOH8,CA4,0.8088221998449141
ATOH8,CAV1,0.8257701588649901
ATOH8,CAV2,0.7370709830573718
ATOH8,CAV3,0.7055827379638357
ATOH8,CD300LG,0.7939690077184022
ATOH8,CES1,0.7151130095559033
ATOH8,CHRDL1,0.7161107707651957
ATOH8,CIDEC,0.7382114180535456
ATOH8,CLEC3B,0.7311418130166186
ATOH8,CORO2B,0.7454721698158081
ATOH8,CPA1,0.7838525259277237
ATOH8,CXCL2,0.7010646891404507
ATOH8,DMD,0.7352857864541125
ATOH8,EBF1,0.7362130123453996
ATOH8,EDG1,0.7055490967215436
ATOH8,EPB42,0.7119217892839724
ATOH8,F10,0.8120824512830292
ATOH8,FHL1,0.7702011683991508
ATOH8,FIGF,0.7365044835786385
ATOH8,FLJ90650,0.7576199030306087
ATOH8,FXYD1,0.8247321042423562
ATOH8,GDF10,0.732273517759038
ATOH8,GLYAT,0.771771457808504
ATOH8,GNG11,0.7637013757565962
ATOH8,GPAM,0.7205062017161511
ATOH8,GPD1,0.7212253927257893
ATOH8,GPR146,0.8056852155942364
ATOH8,GPX3,0.7658870608237465
ATOH8,GRASP,0.7269107302816543
ATOH8,GSN,0.7331155654213181
ATOH8,GYPC,0.756994141434336
ATOH8,HBA2,0.7167849865195797
ATOH8,HEPACAM,0.7688555236445767
ATOH8,HSD17B13,0.7415676196774716
ATOH8,HSPB6,0.7102247009639102
ATOH8,HSPB7,0.7508432699480618
ATOH8,IGFBP6,0.7898985990479208
ATOH8,ITGA7,0.7950320502794181
ATOH8,ITIH5,0.7929166698153088
ATOH8,KCNIP2,0.7864392711275673
ATOH8,KLF15,0.7236482320928763
ATOH8,LDB2,0.7152557178385234
ATOH8,LEPR,0.7129066165320385
ATOH8,LGI4,0.7217944417939754
ATOH8,LHFP,0.7156312740983576
ATOH8,LOC221091,0.7457395661756546
ATOH8,LOC387911,0.7183018357499505
ATOH8,LPL,0.7130063891230011
ATOH8,LRRC2,0.7049753255391545
ATOH8,LYVE1,0.7062646982177703
ATOH8,MAP1LC3C,0.756658023270334
ATOH8,MYOC,0.778503103444426
ATOH8,MYOM1,0.7163070443725682
ATOH8,NPR1,0.8403727548746522
ATOH8,PCDH9,0.706037659675643
ATOH8,PCK1,0.7486057067763762
ATOH8,PDE2A,0.839636245476348
ATOH8,PDK4,0.7336604811037167
ATOH8,PHYHIP,0.7102745013759311
ATOH8,PPAP2B,0.7108312611239216
ATOH8,PPARG,0.7332464926429583
ATOH8,RBP4,0.7674876792346995
ATOH8,RDH5,0.7715639300067786
ATOH8,SCARA5,0.7410365283393169
ATOH8,SCN4A,0.7506218764489319
ATOH8,SDPR,0.7862648465365243
ATOH8,SLC16A7,0.7141894629004334
ATOH8,SLC2A4,0.7162096796688256
ATOH8,SPRY2,0.710009126733298
ATOH8,STARD9,0.7368881290466001
ATOH8,SVEP1,0.7458053436116207
ATOH8,TGFBR2,0.7357279465779039
ATOH8,TMEM100,0.7433521101669386
ATOH8,TMEM22,0.7144789043279003
ATOH8,TNMD,0.7204866672063527
ATOH8,TNNT3,0.711135956154777
ATOH8,TPO,0.7342186287018252
ATOH8,TSLP,0.7127265879964031
ATOH8,TSPAN7,0.7480050739836847
IRF1,CORO1A,0.7173836699527429
IRF1,CXORF9,0.7038604834526118
IRF1,GPR132,0.7049176020468276
IRF1,PTPN7,0.7330888300291932
IRF1,TAP1,0.8059821407788044
PLAGL1,C10ORF38,0.7179869436618114
PLAGL1,C2ORF12,0.7021060058678621
PLAGL1,CCDC82,0.7813095620259427
PLAGL1,CRYAB,0.7133975758323988
PLAGL1,FAM126A,0.7048179362194629
PLAGL1,MAML2,0.718480548100077
PLAGL1,RBMS1,0.7039961312821162
PLAGL1,RGMA,0.7255693435667218
PLAGL1,SFRP1,0.7066193422363158
GATA3,AGR2,0.7414681951538417
GATA3,AGR3,0.7870771086349663
GATA3,ANXA9,0.7897568219401855
GATA3,B3GNT5,-0.7660759770913019
GATA3,CA12,0.7869591731234271
GATA3,EVL,0.7048143909005544
GATA3,FBP1,0.7183441694903998
GATA3,FOXA1,0.8045352079004461
GATA3,FSIP1,0.700880921118224
GATA3,FZD9,-0.7429040840111514
GATA3,JMJD2B,0.7034145122680499
GATA3,MATN4,-0.7164452610493417
GATA3,MLPH,0.8271232645947286
GATA3,PRR15,0.7708966955693299
GATA3,PSAT1,-0.7447188639939109
GATA3,RAB17,0.7417726049406322
GATA3,SIDT1,0.7061408863241724
GATA3,SPDEF,0.7172382057750089
GATA3,XBP1,0.7750224098213492
GATA3,ZNF552,0.7074133400646079
ZFPM2,ADAMTS12,0.7005270553784677
ZFPM2,AKAP12,0.7272881049783698
ZFPM2,ANGPTL2,0.7351204440667808
ZFPM2,C2ORF32,0.7847338353995393
ZFPM2,CCDC80,0.7453249494011145
ZFPM2,CFH,0.7219553308155672
ZFPM2,CFHR3,0.72527386948633
ZFPM2,COPZ2,0.7496119501144665
ZFPM2,DCN,0.7919427600113669
ZFPM2,ECM2,0.7936266650797923
ZFPM2,FEZ1,0.7271760069815641
ZFPM2,FIBIN,0.7076849004881738
ZFPM2,FILIP1L,0.7361940988759325
ZFPM2,FSTL1,0.763552404933791
ZFPM2,GALNTL2,0.7121720973152493
ZFPM2,GLT8D2,0.7481692543560678
ZFPM2,JAM3,0.712675573474509
ZFPM2,LAMA4,0.7403586993922097
ZFPM2,MSRB3,0.7920020963501505
ZFPM2,NAP1L3,0.7254094908650064
ZFPM2,NDN,0.745769330029811
ZFPM2,PCSK5,0.7039718992443276
ZFPM2,PDGFRL,0.7055207595911817
ZFPM2,PPAPDC3,0.7571316109969533
ZFPM2,PTHR1,0.7064880859145037
ZFPM2,RARRES2,0.74993209627025
ZFPM2,RASGRF2,0.7242788576881173
ZFPM2,SERPINF1,0.792902024215213
ZFPM2,SPON1,0.7556336497500888
ZFPM2,TBX15,0.7665991967781745
ZFPM2,TCF4,0.72707238668927
ZFPM2,TSHZ3,0.7261086151436561
ZFPM2,ZFHX4,0.7083901252867285
TP63,CALML3,0.7553294955607102
TP63,CLDN19,0.8055030744853159
TP63,COL17A1,0.8793474980726889
TP63,EDN3,0.7130034094812597
TP63,IL17B,0.7261898566750291
TP63,KRT14,0.7604848749426997
TP63,KRT17,0.725724962860384
TP63,KRT5,0.7401221018664185
TP63,NTF5,0.7367731865843715
TP63,PAK7,0.8068353279586128
TP63,RNF186,0.7033003314011206
SOX17,APOLD1,0.7726535025091461
SOX17,CLDN5,0.7477602168173865
HOXA7,HOXA2,0.7677158992497044
HOXA7,HOXA3,0.7665448127844402
HOXA7,HOXA4,0.7854633528592966
HOXA7,HOXA5,0.8933196526495232
HOXA7,HOXA9,0.830270716577966
EMX2,ECM2,0.7453725441990686
EMX2,EMX2OS,0.9139392799418794
EMX2,FSTL1,0.7201496355420779
EMX2,TBX15,0.7311899051803551
TCF4,AKAP12,0.728741722740296
TCF4,ANGPTL2,0.7257148468506905
TCF4,C2ORF32,0.7754586882148939
TCF4,CCDC80,0.7948621830099001
TCF4,CFHR3,0.7105576085837471
TCF4,DCN,0.7409003827747742
TCF4,ECM2,0.7305671301502948
TCF4,FLRT2,0.7156088317992157
TCF4,FSTL1,0.746412511582772
TCF4,GLI2,0.7057699034320152
TCF4,GLT8D2,0.7221438840953188
TCF4,HOM-TES-103,0.7217919739598021
TCF4,JAM3,0.7383869238202471
TCF4,LAMA4,0.7233405775525751
TCF4,MFAP4,0.7021598358371371
TCF4,MSRB3,0.7312874611739302
TCF4,NDN,0.7476289224056109
TCF4,PCSK5,0.7527515389665818
TCF4,PPAPDC3,0.7446265432114588
TCF4,PTRF,0.735014581527924
TCF4,RARRES2,0.7159117772041522
TCF4,RBMS3,0.7149238148177703
TCF4,RUNX1T1,0.7965994120725463
TCF4,SERPINF1,0.7675250526357308
TCF4,SLIT2,0.7079495268904826
TCF4,SPON1,0.7020540906121454
TCF4,TBX15,0.7030357101676636
TCF4,ZFHX4,0.7216920090868028
TCF4,ZFPM2,0.72707238668927
BACH2,PDGFRA,0.7161681099108703
SOX10,BCL11A,0.7276260969449041
SOX10,C10ORF90,0.7178680651267656
SOX10,CA6,0.7031924759539042
SOX10,CMTM5,0.7037464519822935
SOX10,DMN,0.7678869146598802
SOX10,ELF5,0.7019096642383891
SOX10,EPHB1,0.7558833914455931
SOX10,FOXC1,0.7261124151948546
SOX10,GABRP,0.7438784306605041
SOX10,GPM6B,0.7154739370421775
SOX10,IRX1,0.730474237598563
SOX10,LOXL4,0.7088627012379379
SOX10,MIA,0.8444964528846853
SOX10,NDRG2,0.7144336296480391
SOX10,PTCHD1,0.7212817356980604
SOX10,RGMA,0.7142439604365823
SOX10,ROPN1,0.8697869109916839
SOX10,ROPN1B,0.8548932268658929
SOX10,SCRG1,0.7007461894166841
SOX10,SFRP1,0.7883350700560637
SOX10,SHC4,0.7071249609369722
SOX10,SLC6A14,0.7146197083837512
SOX10,SOSTDC1,0.7254722579328775
SOX10,SOX8,0.7069748238906335
SOX10,TPPP2,0.7296776462578312
SOX10,TRIM2,0.7002143034446018
SOX10,TTYH1,0.8330912912393998
SOX10,UGT8,0.7421572009376528
SOX10,VGLL1,0.7102932549982309
RUNX2,COL1A2,0.7011030630220497
MYBL2,ANLN,0.7714508557942691
MYBL2,ARHGAP11A,0.7701243563207024
MYBL2,ASF1B,0.767192017092812
MYBL2,ASPM,0.7523934040815828
MYBL2,AURKA,0.8511466537595426
MYBL2,AURKB,0.8565292448165818
MYBL2,BIRC5,0.8115052875961589
MYBL2,BLM,0.8071673232928744
MYBL2,BUB1,0.8015297290327815
MYBL2,BUB1B,0.7917604972978655
MYBL2,C12ORF48,0.7059172578676062
MYBL2,C13ORF3,0.7664217577208337
MYBL2,C15ORF42,0.8557356971799
MYBL2,C16ORF59,0.7206727752517297
MYBL2,C18ORF24,0.7640332388987662
MYBL2,C1ORF135,0.7385945538429344
MYBL2,C9ORF140,0.7438314543516206
MYBL2,CCNA2,0.8333444187660493
MYBL2,CCNB1,0.7572193641410175
MYBL2,CCNB2,0.84046602236289
MYBL2,CCNE1,0.7312325850094417
MYBL2,CDC2,0.7669128499145547
MYBL2,CDC20,0.8454390165428275
MYBL2,CDC25A,0.7783408629052597
MYBL2,CDC25C,0.748336309127085
MYBL2,CDC45L,0.8328040659605084
MYBL2,CDC6,0.7030986834879256
MYBL2,CDCA2,0.7192403180324786
MYBL2,CDCA3,0.8410111346172632
MYBL2,CDCA5,0.8479245415762516
MYBL2,CDCA8,0.8326639563993589
MYBL2,CDKN3,0.7482571241674058
MYBL2,CDT1,0.808839244893743
MYBL2,CENPA,0.8274059891487942
MYBL2,CENPE,0.786630132886031
MYBL2,CENPF,0.7575318857527706
MYBL2,CENPI,0.8012648852198772
MYBL2,CENPM,0.736459767219112
MYBL2,CENPN,0.7872981478123902
MYBL2,CENPO,0.7700363473834148
MYBL2,CEP55,0.7870522293070369
MYBL2,CHEK1,0.7906272055249192
MYBL2,CLSPN,0.7654879590628081
MYBL2,DDX39,0.7260531444096896
MYBL2,DEPDC1,0.7378734537673387
MYBL2,DEPDC1B,0.7835895525684485
MYBL2,DIAPH3,0.721724459404906
MYBL2,DKFZP762E1312,0.8281742932269219
MYBL2,DLG7,0.807549163879314
MYBL2,DONSON,0.7169438430851474
MYBL2,E2F1,0.8203216056798908
MYBL2,E2F2,0.7888289617656833
MYBL2,E2F8,0.7586500292680036
MYBL2,ERCC6L,0.76106028979594
MYBL2,ESPL1,0.7705246866581393
MYBL2,EXO1,0.8214260146031476
MYBL2,FAM54A,0.7986575165789657
MYBL2,FAM64A,0.7832831248453265
MYBL2,FAM83D,0.8154084083001046
MYBL2,FANCA,0.7528137082472702
MYBL2,FANCI,0.7384568383456772
MYBL2,FEN1,0.7620667121751252
MYBL2,FOXM1,0.840444224319124
MYBL2,GINS1,0.7413371504525561
MYBL2,GTSE1,0.829662447781654
MYBL2,HMMR,0.7015171168013491
MYBL2,IQGAP3,0.7036707893232316
MYBL2,KIF11,0.768918426080486
MYBL2,KIF14,0.7381171938045773
MYBL2,KIF15,0.7659761515669499
MYBL2,KIF18A,0.7309262257163706
MYBL2,KIF20A,0.7993376003247776
MYBL2,KIF23,0.7703412175734157
MYBL2,KIF2C,0.8412844677448262
MYBL2,KIF4A,0.8126534247874235
MYBL2,KIF4B,0.7956145659383542
MYBL2,KIFC1,0.7755026254349315
MYBL2,KLHDC1,-0.7044499633225347
MYBL2,KPNA2,0.7185521345249031
MYBL2,LMNB2,0.706092670305759
MYBL2,LOC492311,-0.7086711803851611
MYBL2,MAD2L1,0.72129931622943
MYBL2,MASTL,0.7138040461063286
MYBL2,MCM10,0.8429136391978984
MYBL2,MCM2,0.7563361470217497
MYBL2,MCM4,0.7363454987829255
MYBL2,MCM6,0.705804779418385
MYBL2,MELK,0.8257142658016523
MYBL2,MKI67,0.7636168260123022
MYBL2,MND1,0.7246900793445819
MYBL2,NCAPD2,0.7011416327230519
MYBL2,NCAPG2,0.7193014433335788
MYBL2,NCAPH,0.8063107583582598
MYBL2,NDC80,0.7632384938597422
MYBL2,NEIL3,0.7346559474718681
MYBL2,NEK2,0.7141608110037666
MYBL2,NUF2,0.7665661473875034
MYBL2,NUSAP1,0.7715863795970522
MYBL2,OIP5,0.7482450340983651
MYBL2,ORC1L,0.8090870736459839
MYBL2,ORC6L,0.7768340637178673
MYBL2,PIF1,0.760324011595644
MYBL2,PKMYT1,0.7967882821587116
MYBL2,PLK1,0.8330751807774966
MYBL2,PLK4,0.7205010173667854
MYBL2,POLG,0.7164661411563834
MYBL2,POLQ,0.8152535367061448
MYBL2,PRC1,0.7694747906368221
MYBL2,PTTG1,0.7714041675005261
MYBL2,PTTG2,0.7604039745032515
MYBL2,PTTG3,0.775578162744184
MYBL2,RACGAP1,0.7482901828409988
MYBL2,RAD51,0.7904044950154309
MYBL2,RAD51AP1,0.7043254956320706
MYBL2,RAD54L,0.8106377934728082
MYBL2,RBL1,0.7364365894544129
MYBL2,RECQL4,0.7283040617820247
MYBL2,RRM2,0.7827151743251161
MYBL2,SGOL1,0.7640558785014377
MYBL2,SHCBP1,0.7747571394969464
MYBL2,SPAG5,0.7597773369505185
MYBL2,SPC25,0.7730855453550988
MYBL2,STIL,0.7572801195646487
MYBL2,STMN1,0.7195927526341727
MYBL2,TACC3,0.7540411158892202
MYBL2,TCF19,0.7014033011601811
MYBL2,TOP2A,0.712138108546014
MYBL2,TPX2,0.8384258152018361
MYBL2,TRIP13,0.8125156980839069
MYBL2,TROAP,0.8081580796252701
MYBL2,TTK,0.7865464354429051
MYBL2,TUBA1B,0.7031771912464468
MYBL2,UBE2C,0.8720766054591772
MYBL2,UBE2S,0.7645687305802871
MYBL2,UBE2T,0.7300090570225619
MYBL2,WDR62,0.7128934696629232
MYBL2,ZBTB4,-0.7071312871162377
MYBL2,ZWINT,0.7085594115280127
MAFA,ARRDC5,0.8028593232802905
MAFA,ARTN,0.7421109935685154
MAFA,AVP,0.9155950718768677
MAFA,C9ORF62,0.918594867000689
MAFA,CASKIN1,0.886780244155202
MAFA,CDH24,0.8828358017512316
MAFA,DLGAP3,0.8829569619544896
MAFA,FBXL17,0.9029552406989114
MAFA,FBXL8,0.8586303499874217
MAFA,GPR156,0.9307122382098367
MAFA,GPR78,0.8303670385943801
MAFA,GRIN2D,0.8810473479531947
MAFA,LCE5A,0.8647984858195643
MAFA,LOC201175,0.906284653279344
MAFA,LOC389199,0.9365867823552207
MAFA,LRFN1,0.8494574306953141
MAFA,NEUROG3,0.8804131149869013
MAFA,NLF1,0.8681318504455399
MAFA,P2RY4,0.8498800639989986
MAFA,PARP10,0.8041769704138244
MAFA,POU3F3,0.871122437370129
MAFA,PRR17,0.716018516697665
MAFA,PRR7,0.7242970826373211
MAFA,SCRT2,0.9205706245300688
MAFA,SOX3,0.8577336323364688
MAFA,ZNF467,0.810620080032065
MAFA,ZNF579,0.8693577580695607
MAFA,ZNF784,0.8888733151445817
MAFA,ZNF787,0.8026934761418669
DMRT2,FHL1,0.7070185618245781
ZNF787,ARRDC5,0.7571389497070117
ZNF787,ARTN,0.7015134517237602
ZNF787,AVP,0.7740801256611056
ZNF787,BBC3,0.7253055916871437
ZNF787,C9ORF62,0.8644280655989848
ZNF787,CASKIN1,0.8772447025101864
ZNF787,CDH24,0.8890333303149734
ZNF787,DLGAP3,0.87702398505088
ZNF787,FBXL17,0.8896907416641628
ZNF787,FBXL8,0.8565725944635513
ZNF787,GPR156,0.7517645593324028
ZNF787,GRIN2D,0.8775752033977219
ZNF787,LCE5A,0.8741266761478944
ZNF787,LOC201175,0.8078233647661482
ZNF787,LOC389199,0.7930113937887776
ZNF787,LRFN1,0.8234197738977478
ZNF787,MAFA,0.8026934761418669
ZNF787,NEUROG3,0.8853480004934049
ZNF787,NLF1,0.7130602567351582
ZNF787,P2RY4,0.7286234857722254
ZNF787,PARP10,0.8394525343683081
ZNF787,POU3F3,0.8548596092113152
ZNF787,PRR7,0.7715755837158914
ZNF787,SCRT2,0.8147165551901282
ZNF787,SOX3,0.8554037420813825
ZNF787,ZNF467,0.8112663964954087
ZNF787,ZNF579,0.9126841346286979
ZNF787,ZNF784,0.8785782317171107
TFDP1,TFDP3,0.8489634392095754
ZNF467,ARRDC5,0.7049371053958783
ZNF467,AVP,0.77777159332106
ZNF467,BBC3,0.7691448735601315
ZNF467,C19ORF25,0.7278654401519634
ZNF467,C9ORF62,0.873988955146454
ZNF467,CASKIN1,0.9003878696946799
ZNF467,CDH24,0.8829610064046435
ZNF467,DLGAP3,0.8332005776164215
ZNF467,FBXL17,0.8918220486873982
ZNF467,FBXL8,0.8582361941901483
ZNF467,GPR156,0.73466425000673
ZNF467,GRIN2D,0.9017436194787456
ZNF467,LCE5A,0.8938900229457467
ZNF467,LOC201175,0.7775012983087463
ZNF467,LOC389199,0.7802499246833895
ZNF467,LRFN1,0.7646422039498597
ZNF467,MAFA,0.810620080032065
ZNF467,NEUROG3,0.8483344703981256
ZNF467,P2RY4,0.7321357115432415
ZNF467,PARP10,0.8659589780596126
ZNF467,POU3F3,0.8874952354193771
ZNF467,PRR7,0.7184576940963715
ZNF467,SCRT2,0.8182007659717894
ZNF467,SOX3,0.8784261433828957
ZNF467,ZNF579,0.8666720378079816
ZNF467,ZNF784,0.8577683382501151
ZNF467,ZNF787,0.8112663964954087
CREB3L4,SPDEF,0.7520636079627688
MEF2C,FLI1,0.7138632333043358
MEF2C,KCTD12,0.7006872219607365
ZNF366,CD34,0.70074923669054
ZNF366,CLEC1A,0.7254214695243609
ZNF366,CLIC5,0.7015278431214539
ZNF366,ELTD1,0.7295134858189365
ZNF366,MYCT1,0.7317907962368242
ZNF366,SCARF1,0.7701228234385187
ZNF366,USHBP1,0.7262444992192068
OSR1,CNTNAP3,0.7535749618518788
OSR1,DMD,0.7087894002461461
OSR1,DMN,0.7286372345211858
OSR1,MIA,0.7306743985305266
OSR1,S100B,0.7165133021842824
OSR1,SFRP1,0.8180609433998824
OSR1,SPRY2,0.7143355472515946
OSR1,TSLP,0.7215683938553187
MLXIPL,LOC55908,0.7176730915381185
MLXIPL,RBP4,0.709506361896501
MLXIPL,RDH5,0.7024946658633541
ZNF552,AGR3,0.7105340228374725
ZNF552,ANXA9,0.7148307930862003
ZNF552,CA12,0.7187040803812269
ZNF552,FOXA1,0.7413339232687036
ZNF552,GATA3,0.7074133400646079
ZNF552,MLPH,0.7580658601206908
ZNF552,SPDEF,0.7128819976031974
ZNF552,XBP1,0.75289659516183
EBF1,ABCA6,0.7621373804802464
EBF1,ABCA8,0.789326226281926
EBF1,ABCA9,0.747992878212566
EBF1,ACVR1C,0.7383986635954826
EBF1,ADAMTS5,0.7036474966757931
EBF1,ADH1B,0.7059439186503198
EBF1,AKAP12,0.7636877316585416
EBF1,ALDH1L1,0.7408944088984466
EBF1,ANGPTL1,0.744635937223432
EBF1,ANKRD47,0.7589134230645983
EBF1,AOC3,0.8781176999655377
EBF1,AQP1,0.7393679457765174
EBF1,AQP7,0.7730328100699002
EBF1,AQP7P2,0.7620743449148759
EBF1,ARHGAP20,0.7505654846821599
EBF1,ASPA,0.7667460863790757
EBF1,ATOH8,0.7362130123453996
EBF1,ATP1A2,0.7046659090607594
EBF1,BHMT2,0.7371408239361693
EBF1,BMX,0.7551997666774254
EBF1,BTNL9,0.7665550807409933
EBF1,C10ORF56,0.7431702180155311
EBF1,C14ORF139,0.7337292498360052
EBF1,C1QTNF9,0.7113440661416723
EBF1,C2ORF32,0.8245591022249642
EBF1,C6ORF189,0.7661634868943452
EBF1,C9ORF125,0.7012978560349178
EBF1,CA4,0.7550600550480164
EBF1,CAV1,0.8478476238588415
EBF1,CAV2,0.7255365651527459
EBF1,CD248,0.7664554574351234
EBF1,CD300LG,0.7473143406211485
EBF1,CD34,0.7444655454062045
EBF1,CDO1,0.71705434325413
EBF1,CIDEC,0.7590856863582018
EBF1,CLDN5,0.7516762875221057
EBF1,CLEC3B,0.8064766886950298
EBF1,CORO2B,0.7869164298543571
EBF1,CPA1,0.7245602818816861
EBF1,CRHBP,0.7202641723179037
EBF1,CXCL12,0.7014524787896427
EBF1,DDR2,0.7391018899873804
EBF1,DLC1,0.7321791192776761
EBF1,EBF3,0.7958881983693411
EBF1,ECM2,0.7336728269412515
EBF1,EDG1,0.7881353942918194
EBF1,EDNRB,0.7017208789716293
EBF1,EFHA2,0.7218918642657137
EBF1,EHD2,0.7192849849483145
EBF1,EMCN,0.7119487254242592
EBF1,ERG,0.7741183883017319
EBF1,F10,0.7880665706437435
EBF1,FHL1,0.8371877201797683
EBF1,FIGF,0.7126039546215791
EBF1,FLJ10357,0.7174533781305105
EBF1,FLJ90650,0.7392945774990656
EBF1,FLRT2,0.7508812685901918
EBF1,FOXN3,0.7119166427443342
EBF1,FOXO1,0.711963851162743
EBF1,FREM1,0.744624583723904
EBF1,FXYD1,0.8120772098649524
EBF1,G0S2,0.7295669785419634
EBF1,GDF10,0.7558291499363415
EBF1,GLYAT,0.7688201460661743
EBF1,GNG11,0.8582277854140586
EBF1,GNG2,0.7160124786573928
EBF1,GPAM,0.7048709597120826
EBF1,GPD1,0.7682551959200842
EBF1,GPR124,0.7679338495418861
EBF1,GPR146,0.8018746459415506
EBF1,GPX3,0.7080468043636137
EBF1,GRASP,0.8063443375218508
EBF1,GRRP1,0.7187958618588282
EBF1,GSN,0.7631476311108316
EBF1,HEPACAM,0.7389009196616565
EBF1,HSPB7,0.7581387482287031
EBF1,IGF1,0.7404833807039884
EBF1,IGFBP6,0.7439408004995953
EBF1,IPO11,0.7154515376173369
EBF1,ITGA7,0.7454940659285554
EBF1,ITIH5,0.8135191250519949
EBF1,ITM2A,0.7331733008654143
EBF1,JAM2,0.7808446986376536
EBF1,JAM3,0.7042199700383427
EBF1,KCNIP2,0.7495030683197307
EBF1,LAMA4,0.7305198079719333
EBF1,LDB2,0.8331663891339243
EBF1,LEPR,0.7165383743882194
EBF1,LGI4,0.7283314204955799
EBF1,LHFP,0.8039704144868174
EBF1,LIMS2,0.7694359870953078
EBF1,LIPE,0.7070665908463873
EBF1,LMO2,0.7113342372887351
EBF1,LOC221091,0.7870341942261198
EBF1,LOC387911,0.7002960170895334
EBF1,LPL,0.7207025832665841
EBF1,LYVE1,0.7102795234113131
EBF1,MAP1LC3C,0.7307881268288189
EBF1,MEOX2,0.7557323234372106
EBF1,MFAP4,0.7648833796941156
EBF1,MMP28,0.7436638563999473
EBF1,MRAP,0.7191046666722902
EBF1,MRGPRF,0.7237650427447327
EBF1,MYCT1,0.7315480693297144
EBF1,MYOC,0.7208874191481411
EBF1,MYOM1,0.7113187382228725
EBF1,NDN,0.7757175714052883
EBF1,NNAT,0.7310544118627602
EBF1,NPR1,0.8224272658832649
EBF1,PCDH18,0.7193093879248269
EBF1,PCDH9,0.7078474436709713
EBF1,PCK1,0.7337417843035602
EBF1,PCSK5,0.7524040737590083
EBF1,PDE1A,0.7403400481782831
EBF1,PDE2A,0.856757997339525
EBF1,PDK4,0.7204736570485186
EBF1,PLAC9,0.79516265851966
EBF1,PLSCR4,0.7250224782559398
EBF1,PLXNA4A,0.7105622958879891
EBF1,PPAP2A,0.7556016123051633
EBF1,PPAPDC3,0.7096005117830135
EBF1,PPARG,0.7385205339755763
EBF1,PTHR1,0.761383801261867
EBF1,PTPRB,0.7716652736882866
EBF1,PTPRM,0.7033175281206816
EBF1,PTRF,0.7497680016924121
EBF1,RBMS3,0.8195992902446119
EBF1,RBP4,0.7597850628515145
EBF1,RDH5,0.7479238097550351
EBF1,RHOJ,0.7725854507385334
EBF1,RUNX1T1,0.7751684654345466
EBF1,SCARA5,0.7463938009827831
EBF1,SCN4B,0.7262569491035092
EBF1,SDPR,0.8075687100365184
EBF1,SEMA3G,0.7093022816959416
EBF1,SHE,0.7131783449028106
EBF1,SLC16A7,0.7120423279216834
EBF1,SLC19A3,0.7210616093839955
EBF1,SLIT2,0.7737766735297223
EBF1,SPRY1,0.7055065409242414
EBF1,SRPX,0.7400992941470337
EBF1,STARD9,0.7549331127117195
EBF1,SVEP1,0.8026142450228905
EBF1,TAL1,0.7026094781606192
EBF1,TBX15,0.786531731106076
EBF1,TEK,0.7782892463856388
EBF1,TGFBR2,0.778787279584325
EBF1,THSD1,0.7240977758010301
EBF1,TIMP4,0.7003585003565052
EBF1,TMEM22,0.7076613877382115
EBF1,TMEM37,0.7276258881889452
EBF1,TNMD,0.7533435821557071
EBF1,TNNT3,0.7353964785542773
EBF1,TPO,0.7161729004855325
EBF1,TSPAN7,0.7518127256389333
EBF1,USHBP1,0.7139256420119409
STAT1,AIM2,0.737403208969392
STAT1,CD274,0.7221452003398242
STAT1,CXCL11,0.8024757078180677
STAT1,DDX58,0.7149635413862603
STAT1,EPSTI1,0.8099429487735521
STAT1,ETV7,0.7091478703379652
STAT1,FLJ20035,0.7394988041032651
STAT1,GBP5,0.7023278714689649
STAT1,ICOS,0.7324821712887449
STAT1,IFI6,0.707572323132763
STAT1,IFIH1,0.8083602209461739
STAT1,IFIT2,0.706177020842524
STAT1,IFIT3,0.7797366972402066
STAT1,INDO,0.7322489893767199
STAT1,ISG15,0.7181415504226095
STAT1,LAG3,0.7603426830577151
STAT1,OAS1,0.715883790984119
STAT1,OAS2,0.7705249327693384
STAT1,OAS3,0.7440721945022529
STAT1,OASL,0.7576324102791212
STAT1,PARP12,0.7039417025788244
STAT1,PARP14,0.7982549554053348
STAT1,RSAD2,0.7434820735528437
STAT1,SAMD9,0.7291044166225176
STAT1,TAP1,0.847886433539657
STAT1,UBE2L6,0.7033923793106258
STAT1,ZBED2,0.7201762455494435
STAT1,ZBP1,0.782719022082159
ZNF695,AURKB,0.7077402184811122
ZNF695,C15ORF42,0.7114894234437362
ZNF695,CCNA2,0.7109603752816345
ZNF695,CCNE1,0.7017587638415081
ZNF695,CDC20,0.7206488547246959
ZNF695,CDCA3,0.7030853638358611
ZNF695,CDCA8,0.7001667140266669
ZNF695,CENPA,0.7062548161560389
ZNF695,CENPI,0.7224812464221164
ZNF695,CHEK1,0.7396679677243378
ZNF695,EXO1,0.7726146601874017
ZNF695,FAM54A,0.7127839623839702
ZNF695,FOXM1,0.700517790902103
ZNF695,MCM10,0.7722118565912235
ZNF695,ORC1L,0.7271804506701276
ZNF695,RAD54L,0.7072742294808951
ZNF695,SGOL1,0.7147250836752331
ZNF695,TTK,0.7327573022737985
